event,mp,ammo,mre,part,input_level,rank,gun_id,name,mean%,stdev%,rank_total,rank_count,gun_total,gun_count
012 日常（82式）,30,30,30,30,0,2,2,M1911,8.425,0.067,163127,114202,114745,13809
012 日常（82式）,30,30,30,30,0,2,5,纳甘左轮,8.428,0.067,163127,114202,114745,13813
012 日常（82式）,30,30,30,30,0,2,9,P38,8.492,0.068,163127,114202,114745,13918
012 日常（82式）,30,30,30,30,0,2,10,PPK,8.464,0.067,163127,114202,114745,13872
012 日常（82式）,30,30,30,30,0,2,17,M3,0.271,0.013,163127,114202,114745,444
012 日常（82式）,30,30,30,30,0,2,21,PPSh-41,0.130,0.009,163127,114202,114745,213
012 日常（82式）,30,30,30,30,0,2,24,PP-2000,0.284,0.013,163127,114202,114745,466
012 日常（82式）,30,30,30,30,0,2,25,MP40,0.283,0.013,163127,114202,114745,464
012 日常（82式）,30,30,30,30,0,2,31,伯莱塔38型,0.275,0.013,163127,114202,114745,451
012 日常（82式）,30,30,30,30,0,2,33,m45,0.252,0.012,163127,114202,114745,413
012 日常（82式）,30,30,30,30,0,2,90,FNP-9,8.418,0.067,163127,114202,114745,13798
012 日常（82式）,30,30,30,30,0,2,91,MP-446,8.475,0.067,163127,114202,114745,13891
012 日常（82式）,30,30,30,30,0,2,92,幽灵M4,0.267,0.013,163127,114202,114745,437
012 日常（82式）,30,30,30,30,0,2,93,IDW,0.259,0.013,163127,114202,114745,424
012 日常（82式）,30,30,30,30,0,2,94,64式,0.256,0.012,163127,114202,114745,420
012 日常（82式）,30,30,30,30,0,2,139,布伦·坦,8.509,0.068,163127,114202,114745,13946
012 日常（82式）,30,30,30,30,0,2,141,USP-C,8.521,0.068,163127,114202,114745,13966
012 日常（82式）,30,30,30,30,0,3,3,M9,3.870,0.044,163127,37668,38610,6471
012 日常（82式）,30,30,30,30,0,3,6,托卡列夫,2.014,0.033,163127,37668,38610,3368
012 日常（82式）,30,30,30,30,0,3,8,马卡洛夫,2.025,0.033,163127,37668,38610,3386
012 日常（82式）,30,30,30,30,0,3,11,P08,3.866,0.044,163127,37668,38610,6464
012 日常（82式）,30,30,30,30,0,3,12,C96,3.770,0.043,163127,37668,38610,6303
012 日常（82式）,30,30,30,30,0,3,13,92式,1.972,0.033,163127,37668,38610,3298
012 日常（82式）,30,30,30,30,0,3,14,阿斯特拉左轮,3.807,0.044,163127,37668,38610,6366
012 日常（82式）,30,30,30,30,0,3,18,MAC-10,0.181,0.010,163127,37668,38610,302
012 日常（82式）,30,30,30,30,0,3,22,PPS-43,0.096,0.008,163127,37668,38610,160
012 日常（82式）,30,30,30,30,0,3,27,蝎式,0.209,0.011,163127,37668,38610,350
012 日常（82式）,30,30,30,30,0,3,32,微型乌兹,0.187,0.011,163127,37668,38610,313
012 日常（82式）,30,30,30,30,0,3,123,P99,1.094,0.025,163127,37668,38610,1829
012 日常（82式）,30,30,30,30,0,4,1,柯尔特左轮,2.431,0.026,163127,7160,7284,4034
012 日常（82式）,30,30,30,30,0,4,26,MP5,0.123,0.008,163127,7160,7284,204
012 日常（82式）,30,30,30,30,0,4,99,Mk23,1.835,0.025,163127,7160,7284,3046
012 日常（82式）,30,30,30,30,0,5,16,汤姆森,0.042,0.005,163127,4097,4221,70
012 日常（82式）,30,30,30,30,0,5,96,灰熊MkⅤ,1.038,0.019,163127,4097,4221,1744
012 日常（82式）,30,30,30,30,0,5,126,NZ75,0.575,0.016,163127,4097,4221,966
012 日常（82式）,30,30,30,30,0,5,233,Px4 风暴,0.550,0.016,163127,4097,4221,925
012 日常（82式）,30,30,30,30,0,5,260,PA-15,0.307,0.013,163127,4097,4221,516
012 日常（82式）,91,400,400,30,0,2,17,M3,1.895,0.173,6079,3058,3079,116
012 日常（82式）,91,400,400,30,0,2,21,PPSh-41,1.356,0.147,6079,3058,3079,83
012 日常（82式）,91,400,400,30,0,2,24,PP-2000,2.124,0.183,6079,3058,3079,130
012 日常（82式）,91,400,400,30,0,2,25,MP40,2.026,0.179,6079,3058,3079,124
012 日常（82式）,91,400,400,30,0,2,31,伯莱塔38型,1.912,0.174,6079,3058,3079,117
012 日常（82式）,91,400,400,30,0,2,33,m45,1.748,0.167,6079,3058,3079,107
012 日常（82式）,91,400,400,30,0,2,63,G3,6.617,0.308,6079,3058,3079,405
012 日常（82式）,91,400,400,30,0,2,68,L85A1,5.849,0.292,6079,3058,3079,358
012 日常（82式）,91,400,400,30,0,2,71,加利尔,5.555,0.285,6079,3058,3079,340
012 日常（82式）,91,400,400,30,0,2,74,SIG-510,5.882,0.293,6079,3058,3079,360
012 日常（82式）,91,400,400,30,0,2,92,幽灵M4,2.402,0.194,6079,3058,3079,147
012 日常（82式）,91,400,400,30,0,2,93,IDW,1.895,0.173,6079,3058,3079,116
012 日常（82式）,91,400,400,30,0,2,94,64式,1.993,0.178,6079,3058,3079,122
012 日常（82式）,91,400,400,30,0,2,107,F2000,5.539,0.285,6079,3058,3079,339
012 日常（82式）,91,400,400,30,0,2,133,63式,3.513,0.232,6079,3058,3079,215
012 日常（82式）,91,400,400,30,0,3,18,MAC-10,1.428,0.145,6079,1116,1157,90
012 日常（82式）,91,400,400,30,0,3,22,PPS-43,0.873,0.115,6079,1116,1157,55
012 日常（82式）,91,400,400,30,0,3,27,蝎式,1.365,0.142,6079,1116,1157,86
012 日常（82式）,91,400,400,30,0,3,32,微型乌兹,1.095,0.128,6079,1116,1157,69
012 日常（82式）,91,400,400,30,0,3,58,AK-47,4.078,0.225,6079,1116,1157,257
012 日常（82式）,91,400,400,30,0,3,61,StG44,3.665,0.217,6079,1116,1157,231
012 日常（82式）,91,400,400,30,0,3,70,FNC,3.713,0.218,6079,1116,1157,234
012 日常（82式）,91,400,400,30,0,3,105,OTs-12,2.142,0.174,6079,1116,1157,135
012 日常（82式）,91,400,400,30,0,4,26,MP5,1.008,0.122,6079,1202,1275,65
012 日常（82式）,91,400,400,30,0,4,60,AS Val,1.365,0.141,6079,1202,1275,88
012 日常（82式）,91,400,400,30,0,4,64,G36,0.434,0.082,6079,1202,1275,28
012 日常（82式）,91,400,400,30,0,4,66,56-1式,1.442,0.145,6079,1202,1275,93
012 日常（82式）,91,400,400,30,0,4,69,FAMAS,1.241,0.135,6079,1202,1275,80
012 日常（82式）,91,400,400,30,0,4,72,TAR-21,0.899,0.116,6079,1202,1275,58
012 日常（82式）,91,400,400,30,0,4,118,9A-91,1.334,0.140,6079,1202,1275,86
012 日常（82式）,91,400,400,30,0,4,171,利贝罗勒,0.962,0.120,6079,1202,1275,62
012 日常（82式）,91,400,400,30,0,4,216,XM8,1.318,0.139,6079,1202,1275,85
012 日常（82式）,91,400,400,30,0,4,237,SAR-21,1.272,0.136,6079,1202,1275,82
012 日常（82式）,91,400,400,30,0,4,262,EM-2,1.489,0.147,6079,1202,1275,96
012 日常（82式）,91,400,400,30,0,4,288,CR-21,1.628,0.153,6079,1202,1275,105
012 日常（82式）,91,400,400,30,0,4,330,FX-05,1.287,0.137,6079,1202,1275,83
012 日常（82式）,91,400,400,30,0,4,349,AK74M,1.272,0.136,6079,1202,1275,82
012 日常（82式）,91,400,400,30,0,4,382,MSBS,1.380,0.142,6079,1202,1275,89
012 日常（82式）,91,400,400,30,0,4,394,CM901,1.442,0.145,6079,1202,1275,93
012 日常（82式）,91,400,400,30,0,5,16,汤姆森,0.401,0.078,6079,703,749,26
012 日常（82式）,91,400,400,30,0,5,62,G41,0.494,0.086,6079,703,749,32
012 日常（82式）,91,400,400,30,0,5,65,HK416,0.510,0.087,6079,703,749,33
012 日常（82式）,91,400,400,30,0,5,106,FAL,0.571,0.092,6079,703,749,37
012 日常（82式）,91,400,400,30,0,5,122,G11,0.262,0.063,6079,703,749,17
012 日常（82式）,91,400,400,30,0,5,129,95式,0.355,0.073,6079,703,749,23
012 日常（82式）,91,400,400,30,0,5,130,97式,0.278,0.065,6079,703,749,18
012 日常（82式）,91,400,400,30,0,5,172,RFB,0.232,0.059,6079,703,749,15
012 日常（82式）,91,400,400,30,0,5,181,T91,0.355,0.073,6079,703,749,23
012 日常（82式）,91,400,400,30,0,5,194,K2,0.525,0.088,6079,703,749,34
012 日常（82式）,91,400,400,30,0,5,196,Zas M21,0.525,0.088,6079,703,749,34
012 日常（82式）,91,400,400,30,0,5,205,AN-94,0.324,0.070,6079,703,749,21
012 日常（82式）,91,400,400,30,0,5,206,AK-12,0.340,0.072,6079,703,749,22
012 日常（82式）,91,400,400,30,0,5,214,ADS,0.340,0.072,6079,703,749,22
012 日常（82式）,91,400,400,30,0,5,215,MDR,0.355,0.073,6079,703,749,23
012 日常（82式）,91,400,400,30,0,5,236,K11,0.540,0.089,6079,703,749,35
012 日常（82式）,91,400,400,30,0,5,243,64式自,0.602,0.094,6079,703,749,39
012 日常（82式）,91,400,400,30,0,5,287,SIG-556,0.324,0.070,6079,703,749,21
012 日常（82式）,91,400,400,30,0,5,290,89式自,0.371,0.075,6079,703,749,24
012 日常（82式）,91,400,400,30,0,5,293,AK-15,0.417,0.079,6079,703,749,27
012 日常（82式）,91,400,400,30,0,5,306,AK-阿尔法,0.247,0.061,6079,703,749,16
012 日常（82式）,91,400,400,30,0,5,313,S-ACR,0.571,0.092,6079,703,749,37
012 日常（82式）,91,400,400,30,0,5,338,SIG MCX,0.633,0.096,6079,703,749,41
012 日常（82式）,91,400,400,30,0,5,356,A-545,0.401,0.078,6079,703,749,26
012 日常（82式）,91,400,400,30,0,5,365,SCR,0.386,0.076,6079,703,749,25
012 日常（82式）,91,400,400,30,0,5,378,SCAR-L,0.386,0.076,6079,703,749,25
012 日常（82式）,91,400,400,30,0,5,390,HK433,0.525,0.088,6079,703,749,34
012 日常（82式）,91,400,400,30,0,5,393,贝奥武夫,0.293,0.067,6079,703,749,19
012 日常（82式）,95,400,400,95,0,2,17,M3,2.147,0.152,8930,4378,4408,193
012 日常（82式）,95,400,400,95,0,2,21,PPSh-41,1.057,0.108,8930,4378,4408,95
012 日常（82式）,95,400,400,95,0,2,24,PP-2000,1.846,0.141,8930,4378,4408,166
012 日常（82式）,95,400,400,95,0,2,25,MP40,1.980,0.146,8930,4378,4408,178
012 日常（82式）,95,400,400,95,0,2,31,伯莱塔38型,1.735,0.137,8930,4378,4408,156
012 日常（82式）,95,400,400,95,0,2,33,m45,1.868,0.142,8930,4378,4408,168
012 日常（82式）,95,400,400,95,0,2,63,G3,5.583,0.235,8930,4378,4408,502
012 日常（82式）,95,400,400,95,0,2,68,L85A1,5.817,0.240,8930,4378,4408,523
012 日常（82式）,95,400,400,95,0,2,71,加利尔,5.750,0.239,8930,4378,4408,517
012 日常（82式）,95,400,400,95,0,2,74,SIG-510,5.817,0.240,8930,4378,4408,523
012 日常（82式）,95,400,400,95,0,2,92,幽灵M4,1.924,0.144,8930,4378,4408,173
012 日常（82式）,95,400,400,95,0,2,93,IDW,1.702,0.136,8930,4378,4408,153
012 日常（82式）,95,400,400,95,0,2,94,64式,2.091,0.150,8930,4378,4408,188
012 日常（82式）,95,400,400,95,0,2,107,F2000,6.206,0.247,8930,4378,4408,558
012 日常（82式）,95,400,400,95,0,2,133,63式,3.503,0.191,8930,4378,4408,315
012 日常（82式）,95,400,400,95,0,3,18,MAC-10,1.646,0.128,8930,1755,1827,153
012 日常（82式）,95,400,400,95,0,3,22,PPS-43,0.635,0.082,8930,1755,1827,59
012 日常（82式）,95,400,400,95,0,3,27,蝎式,1.657,0.128,8930,1755,1827,154
012 日常（82式）,95,400,400,95,0,3,32,微型乌兹,1.592,0.126,8930,1755,1827,148
012 日常（82式）,95,400,400,95,0,3,58,AK-47,4.023,0.186,8930,1755,1827,374
012 日常（82式）,95,400,400,95,0,3,61,StG44,3.959,0.185,8930,1755,1827,368
012 日常（82式）,95,400,400,95,0,3,70,FNC,4.109,0.188,8930,1755,1827,382
012 日常（82式）,95,400,400,95,0,3,105,OTs-12,2.033,0.141,8930,1755,1827,189
012 日常（82式）,95,400,400,95,0,4,26,MP5,0.803,0.090,8930,1799,1932,77
012 日常（82式）,95,400,400,95,0,4,60,AS Val,1.366,0.116,8930,1799,1932,131
012 日常（82式）,95,400,400,95,0,4,64,G36,0.636,0.080,8930,1799,1932,61
012 日常（82式）,95,400,400,95,0,4,66,56-1式,1.293,0.113,8930,1799,1932,124
012 日常（82式）,95,400,400,95,0,4,69,FAMAS,1.303,0.113,8930,1799,1932,125
012 日常（82式）,95,400,400,95,0,4,72,TAR-21,1.189,0.108,8930,1799,1932,114
012 日常（82式）,95,400,400,95,0,4,118,9A-91,1.522,0.122,8930,1799,1932,146
012 日常（82式）,95,400,400,95,0,4,171,利贝罗勒,0.938,0.097,8930,1799,1932,90
012 日常（82式）,95,400,400,95,0,4,216,XM8,1.418,0.118,8930,1799,1932,136
012 日常（82式）,95,400,400,95,0,4,237,SAR-21,1.491,0.120,8930,1799,1932,143
012 日常（82式）,95,400,400,95,0,4,262,EM-2,1.449,0.119,8930,1799,1932,139
012 日常（82式）,95,400,400,95,0,4,288,CR-21,1.314,0.114,8930,1799,1932,126
012 日常（82式）,95,400,400,95,0,4,330,FX-05,1.345,0.115,8930,1799,1932,129
012 日常（82式）,95,400,400,95,0,4,349,AK74M,1.241,0.111,8930,1799,1932,119
012 日常（82式）,95,400,400,95,0,4,382,MSBS,1.470,0.120,8930,1799,1932,141
012 日常（82式）,95,400,400,95,0,4,394,CM901,1.366,0.116,8930,1799,1932,131
012 日常（82式）,95,400,400,95,0,5,16,汤姆森,0.383,0.062,8930,998,1080,37
012 日常（82式）,95,400,400,95,0,5,62,G41,0.517,0.072,8930,998,1080,50
012 日常（82式）,95,400,400,95,0,5,65,HK416,0.662,0.081,8930,998,1080,64
012 日常（82式）,95,400,400,95,0,5,106,FAL,0.352,0.060,8930,998,1080,34
012 日常（82式）,95,400,400,95,0,5,122,G11,0.279,0.053,8930,998,1080,27
012 日常（82式）,95,400,400,95,0,5,129,95式,0.486,0.070,8930,998,1080,47
012 日常（82式）,95,400,400,95,0,5,130,97式,0.341,0.059,8930,998,1080,33
012 日常（82式）,95,400,400,95,0,5,172,RFB,0.290,0.054,8930,998,1080,28
012 日常（82式）,95,400,400,95,0,5,181,T91,0.331,0.058,8930,998,1080,32
012 日常（82式）,95,400,400,95,0,5,194,K2,0.331,0.058,8930,998,1080,32
012 日常（82式）,95,400,400,95,0,5,196,Zas M21,0.497,0.070,8930,998,1080,48
012 日常（82式）,95,400,400,95,0,5,205,AN-94,0.310,0.056,8930,998,1080,30
012 日常（82式）,95,400,400,95,0,5,206,AK-12,0.310,0.056,8930,998,1080,30
012 日常（82式）,95,400,400,95,0,5,214,ADS,0.331,0.058,8930,998,1080,32
012 日常（82式）,95,400,400,95,0,5,215,MDR,0.352,0.060,8930,998,1080,34
012 日常（82式）,95,400,400,95,0,5,236,K11,0.424,0.065,8930,998,1080,41
012 日常（82式）,95,400,400,95,0,5,243,64式自,0.538,0.073,8930,998,1080,52
012 日常（82式）,95,400,400,95,0,5,287,SIG-556,0.362,0.060,8930,998,1080,35
012 日常（82式）,95,400,400,95,0,5,290,89式自,0.352,0.060,8930,998,1080,34
012 日常（82式）,95,400,400,95,0,5,293,AK-15,0.310,0.056,8930,998,1080,30
012 日常（82式）,95,400,400,95,0,5,306,AK-阿尔法,0.300,0.055,8930,998,1080,29
012 日常（82式）,95,400,400,95,0,5,313,S-ACR,0.404,0.064,8930,998,1080,39
012 日常（82式）,95,400,400,95,0,5,338,SIG MCX,0.621,0.078,8930,998,1080,60
012 日常（82式）,95,400,400,95,0,5,356,A-545,0.362,0.060,8930,998,1080,35
012 日常（82式）,95,400,400,95,0,5,365,SCR,0.548,0.074,8930,998,1080,53
012 日常（82式）,95,400,400,95,0,5,378,SCAR-L,0.393,0.063,8930,998,1080,38
012 日常（82式）,95,400,400,95,0,5,390,HK433,0.507,0.071,8930,998,1080,49
012 日常（82式）,95,400,400,95,0,5,393,贝奥武夫,0.279,0.053,8930,998,1080,27
012 日常（82式）,97,404,404,97,0,2,17,M3,1.772,0.132,9751,4966,5002,174
012 日常（82式）,97,404,404,97,0,2,21,PPSh-41,1.008,0.101,9751,4966,5002,99
012 日常（82式）,97,404,404,97,0,2,24,PP-2000,1.751,0.132,9751,4966,5002,172
012 日常（82式）,97,404,404,97,0,2,25,MP40,1.711,0.130,9751,4966,5002,168
012 日常（82式）,97,404,404,97,0,2,31,伯莱塔38型,1.761,0.132,9751,4966,5002,173
012 日常（82式）,97,404,404,97,0,2,33,m45,1.996,0.140,9751,4966,5002,196
012 日常（82式）,97,404,404,97,0,2,63,G3,6.119,0.235,9751,4966,5002,601
012 日常（82式）,97,404,404,97,0,2,68,L85A1,6.323,0.238,9751,4966,5002,621
012 日常（82式）,97,404,404,97,0,2,71,加利尔,6.221,0.237,9751,4966,5002,611
012 日常（82式）,97,404,404,97,0,2,74,SIG-510,6.649,0.244,9751,4966,5002,653
012 日常（82式）,97,404,404,97,0,2,92,幽灵M4,1.711,0.130,9751,4966,5002,168
012 日常（82式）,97,404,404,97,0,2,93,IDW,1.822,0.134,9751,4966,5002,179
012 日常（82式）,97,404,404,97,0,2,94,64式,1.700,0.130,9751,4966,5002,167
012 日常（82式）,97,404,404,97,0,2,107,F2000,6.323,0.238,9751,4966,5002,621
012 日常（82式）,97,404,404,97,0,2,133,63式,4.062,0.196,9751,4966,5002,399
012 日常（82式）,97,404,404,97,0,3,18,MAC-10,1.287,0.111,9751,1801,1822,127
012 日常（82式）,97,404,404,97,0,3,22,PPS-43,0.791,0.088,9751,1801,1822,78
012 日常（82式）,97,404,404,97,0,3,27,蝎式,1.450,0.117,9751,1801,1822,143
012 日常（82式）,97,404,404,97,0,3,32,微型乌兹,1.298,0.111,9751,1801,1822,128
012 日常（82式）,97,404,404,97,0,3,58,AK-47,3.852,0.176,9751,1801,1822,380
012 日常（82式）,97,404,404,97,0,3,61,StG44,3.984,0.179,9751,1801,1822,393
012 日常（82式）,97,404,404,97,0,3,70,FNC,3.872,0.177,9751,1801,1822,382
012 日常（82式）,97,404,404,97,0,3,105,OTs-12,1.936,0.133,9751,1801,1822,191
012 日常（82式）,97,404,404,97,0,4,26,MP5,1.068,0.101,9751,1888,1922,106
012 日常（82式）,97,404,404,97,0,4,60,AS Val,1.511,0.119,9751,1888,1922,150
012 日常（82式）,97,404,404,97,0,4,64,G36,0.574,0.075,9751,1888,1922,57
012 日常（82式）,97,404,404,97,0,4,66,56-1式,1.128,0.104,9751,1888,1922,112
012 日常（82式）,97,404,404,97,0,4,69,FAMAS,1.048,0.100,9751,1888,1922,104
012 日常（82式）,97,404,404,97,0,4,72,TAR-21,1.128,0.104,9751,1888,1922,112
012 日常（82式）,97,404,404,97,0,4,118,9A-91,1.249,0.109,9751,1888,1922,124
012 日常（82式）,97,404,404,97,0,4,171,利贝罗勒,0.796,0.088,9751,1888,1922,79
012 日常（82式）,97,404,404,97,0,4,216,XM8,1.481,0.118,9751,1888,1922,147
012 日常（82式）,97,404,404,97,0,4,237,SAR-21,1.501,0.119,9751,1888,1922,149
012 日常（82式）,97,404,404,97,0,4,262,EM-2,1.330,0.112,9751,1888,1922,132
012 日常（82式）,97,404,404,97,0,4,288,CR-21,1.249,0.109,9751,1888,1922,124
012 日常（82式）,97,404,404,97,0,4,330,FX-05,1.390,0.114,9751,1888,1922,138
012 日常（82式）,97,404,404,97,0,4,349,AK74M,1.300,0.111,9751,1888,1922,129
012 日常（82式）,97,404,404,97,0,4,382,MSBS,1.289,0.110,9751,1888,1922,128
012 日常（82式）,97,404,404,97,0,4,394,CM901,1.320,0.112,9751,1888,1922,131
012 日常（82式）,97,404,404,97,0,5,16,汤姆森,0.474,0.067,9751,1096,1138,48
012 日常（82式）,97,404,404,97,0,5,62,G41,0.435,0.064,9751,1096,1138,44
012 日常（82式）,97,404,404,97,0,5,65,HK416,0.474,0.067,9751,1096,1138,48
012 日常（82式）,97,404,404,97,0,5,106,FAL,0.474,0.067,9751,1096,1138,48
012 日常（82式）,97,404,404,97,0,5,122,G11,0.346,0.058,9751,1096,1138,35
012 日常（82式）,97,404,404,97,0,5,129,95式,0.415,0.063,9751,1096,1138,42
012 日常（82式）,97,404,404,97,0,5,130,97式,0.405,0.062,9751,1096,1138,41
012 日常（82式）,97,404,404,97,0,5,172,RFB,0.316,0.055,9751,1096,1138,32
012 日常（82式）,97,404,404,97,0,5,181,T91,0.435,0.064,9751,1096,1138,44
012 日常（82式）,97,404,404,97,0,5,194,K2,0.326,0.056,9751,1096,1138,33
012 日常（82式）,97,404,404,97,0,5,196,Zas M21,0.514,0.070,9751,1096,1138,52
012 日常（82式）,97,404,404,97,0,5,205,AN-94,0.227,0.047,9751,1096,1138,23
012 日常（82式）,97,404,404,97,0,5,206,AK-12,0.306,0.054,9751,1096,1138,31
012 日常（82式）,97,404,404,97,0,5,214,ADS,0.306,0.054,9751,1096,1138,31
012 日常（82式）,97,404,404,97,0,5,215,MDR,0.316,0.055,9751,1096,1138,32
012 日常（82式）,97,404,404,97,0,5,236,K11,0.425,0.064,9751,1096,1138,43
012 日常（82式）,97,404,404,97,0,5,243,64式自,0.425,0.064,9751,1096,1138,43
012 日常（82式）,97,404,404,97,0,5,287,SIG-556,0.464,0.066,9751,1096,1138,47
012 日常（82式）,97,404,404,97,0,5,290,89式自,0.257,0.050,9751,1096,1138,26
012 日常（82式）,97,404,404,97,0,5,293,AK-15,0.326,0.056,9751,1096,1138,33
012 日常（82式）,97,404,404,97,0,5,306,AK-阿尔法,0.553,0.072,9751,1096,1138,56
012 日常（82式）,97,404,404,97,0,5,313,S-ACR,0.602,0.075,9751,1096,1138,61
012 日常（82式）,97,404,404,97,0,5,338,SIG MCX,0.523,0.070,9751,1096,1138,53
012 日常（82式）,97,404,404,97,0,5,356,A-545,0.504,0.069,9751,1096,1138,51
012 日常（82式）,97,404,404,97,0,5,365,SCR,0.425,0.064,9751,1096,1138,43
012 日常（82式）,97,404,404,97,0,5,378,SCAR-L,0.247,0.049,9751,1096,1138,25
012 日常（82式）,97,404,404,97,0,5,390,HK433,0.435,0.064,9751,1096,1138,44
012 日常（82式）,97,404,404,97,0,5,393,贝奥武夫,0.286,0.053,9751,1096,1138,29
012 日常（82式）,100,400,400,200,0,2,17,M3,1.762,0.028,216310,108704,109742,3847
012 日常（82式）,100,400,400,200,0,2,21,PPSh-41,0.948,0.021,216310,108704,109742,2070
012 日常（82式）,100,400,400,200,0,2,24,PP-2000,1.789,0.028,216310,108704,109742,3907
012 日常（82式）,100,400,400,200,0,2,25,MP40,1.804,0.028,216310,108704,109742,3940
012 日常（82式）,100,400,400,200,0,2,31,伯莱塔38型,1.790,0.028,216310,108704,109742,3910
012 日常（82式）,100,400,400,200,0,2,33,m45,1.797,0.028,216310,108704,109742,3925
012 日常（82式）,100,400,400,200,0,2,63,G3,6.235,0.050,216310,108704,109742,13615
012 日常（82式）,100,400,400,200,0,2,68,L85A1,6.279,0.050,216310,108704,109742,13712
012 日常（82式）,100,400,400,200,0,2,71,加利尔,6.390,0.051,216310,108704,109742,13955
012 日常（82式）,100,400,400,200,0,2,74,SIG-510,6.253,0.050,216310,108704,109742,13656
012 日常（82式）,100,400,400,200,0,2,92,幽灵M4,1.813,0.028,216310,108704,109742,3959
012 日常（82式）,100,400,400,200,0,2,93,IDW,1.753,0.028,216310,108704,109742,3829
012 日常（82式）,100,400,400,200,0,2,94,64式,1.813,0.028,216310,108704,109742,3959
012 日常（82式）,100,400,400,200,0,2,107,F2000,6.175,0.050,216310,108704,109742,13484
012 日常（82式）,100,400,400,200,0,2,133,63式,3.652,0.039,216310,108704,109742,7974
012 日常（82式）,100,400,400,200,0,3,18,MAC-10,1.346,0.024,216310,41360,42639,3001
012 日常（82式）,100,400,400,200,0,3,22,PPS-43,0.723,0.018,216310,41360,42639,1613
012 日常（82式）,100,400,400,200,0,3,27,蝎式,1.321,0.024,216310,41360,42639,2946
012 日常（82式）,100,400,400,200,0,3,32,微型乌兹,1.314,0.023,216310,41360,42639,2930
012 日常（82式）,100,400,400,200,0,3,58,AK-47,4.084,0.038,216310,41360,42639,9107
012 日常（82式）,100,400,400,200,0,3,61,StG44,4.098,0.038,216310,41360,42639,9139
012 日常（82式）,100,400,400,200,0,3,70,FNC,4.094,0.038,216310,41360,42639,9129
012 日常（82式）,100,400,400,200,0,3,105,OTs-12,2.141,0.029,216310,41360,42639,4774
012 日常（82式）,100,400,400,200,0,4,26,MP5,0.872,0.019,216310,41971,43872,1972
012 日常（82式）,100,400,400,200,0,4,60,AS Val,1.382,0.024,216310,41971,43872,3124
012 日常（82式）,100,400,400,200,0,4,64,G36,0.544,0.015,216310,41971,43872,1229
012 日常（82式）,100,400,400,200,0,4,66,56-1式,1.358,0.024,216310,41971,43872,3070
012 日常（82式）,100,400,400,200,0,4,69,FAMAS,1.333,0.023,216310,41971,43872,3015
012 日常（82式）,100,400,400,200,0,4,72,TAR-21,0.950,0.020,216310,41971,43872,2148
012 日常（82式）,100,400,400,200,0,4,118,9A-91,1.319,0.023,216310,41971,43872,2983
012 日常（82式）,100,400,400,200,0,4,171,利贝罗勒,0.944,0.020,216310,41971,43872,2135
012 日常（82式）,100,400,400,200,0,4,216,XM8,1.291,0.023,216310,41971,43872,2919
012 日常（82式）,100,400,400,200,0,4,237,SAR-21,1.329,0.023,216310,41971,43872,3006
012 日常（82式）,100,400,400,200,0,4,262,EM-2,1.337,0.023,216310,41971,43872,3023
012 日常（82式）,100,400,400,200,0,4,288,CR-21,1.318,0.023,216310,41971,43872,2981
012 日常（82式）,100,400,400,200,0,4,330,FX-05,1.363,0.024,216310,41971,43872,3082
012 日常（82式）,100,400,400,200,0,4,349,AK74M,1.360,0.024,216310,41971,43872,3075
012 日常（82式）,100,400,400,200,0,4,382,MSBS,1.360,0.024,216310,41971,43872,3074
012 日常（82式）,100,400,400,200,0,4,394,CM901,1.343,0.024,216310,41971,43872,3036
012 日常（82式）,100,400,400,200,0,5,16,汤姆森,0.370,0.013,216310,24275,25544,843
012 日常（82式）,100,400,400,200,0,5,62,G41,0.501,0.015,216310,24275,25544,1140
012 日常（82式）,100,400,400,200,0,5,65,HK416,0.494,0.014,216310,24275,25544,1125
012 日常（82式）,100,400,400,200,0,5,106,FAL,0.363,0.012,216310,24275,25544,827
012 日常（82式）,100,400,400,200,0,5,122,G11,0.300,0.011,216310,24275,25544,682
012 日常（82式）,100,400,400,200,0,5,129,95式,0.379,0.013,216310,24275,25544,862
012 日常（82式）,100,400,400,200,0,5,130,97式,0.387,0.013,216310,24275,25544,881
012 日常（82式）,100,400,400,200,0,5,172,RFB,0.301,0.011,216310,24275,25544,684
012 日常（82式）,100,400,400,200,0,5,181,T91,0.364,0.012,216310,24275,25544,829
012 日常（82式）,100,400,400,200,0,5,194,K2,0.363,0.012,216310,24275,25544,827
012 日常（82式）,100,400,400,200,0,5,196,Zas M21,0.494,0.014,216310,24275,25544,1125
012 日常（82式）,100,400,400,200,0,5,205,AN-94,0.297,0.011,216310,24275,25544,676
012 日常（82式）,100,400,400,200,0,5,206,AK-12,0.302,0.011,216310,24275,25544,688
012 日常（82式）,100,400,400,200,0,5,214,ADS,0.369,0.013,216310,24275,25544,840
012 日常（82式）,100,400,400,200,0,5,215,MDR,0.400,0.013,216310,24275,25544,910
012 日常（82式）,100,400,400,200,0,5,236,K11,0.490,0.014,216310,24275,25544,1115
012 日常（82式）,100,400,400,200,0,5,243,64式自,0.476,0.014,216310,24275,25544,1083
012 日常（82式）,100,400,400,200,0,5,287,SIG-556,0.376,0.013,216310,24275,25544,856
012 日常（82式）,100,400,400,200,0,5,290,89式自,0.288,0.011,216310,24275,25544,655
012 日常（82式）,100,400,400,200,0,5,293,AK-15,0.290,0.011,216310,24275,25544,659
012 日常（82式）,100,400,400,200,0,5,306,AK-阿尔法,0.371,0.013,216310,24275,25544,844
012 日常（82式）,100,400,400,200,0,5,313,S-ACR,0.514,0.015,216310,24275,25544,1170
012 日常（82式）,100,400,400,200,0,5,338,SIG MCX,0.636,0.016,216310,24275,25544,1447
012 日常（82式）,100,400,400,200,0,5,356,A-545,0.493,0.014,216310,24275,25544,1122
012 日常（82式）,100,400,400,200,0,5,365,SCR,0.484,0.014,216310,24275,25544,1102
012 日常（82式）,100,400,400,200,0,5,378,SCAR-L,0.291,0.011,216310,24275,25544,663
012 日常（82式）,100,400,400,200,0,5,390,HK433,0.480,0.014,216310,24275,25544,1093
012 日常（82式）,100,400,400,200,0,5,393,贝奥武夫,0.350,0.012,216310,24275,25544,796
012 日常（82式）,130,130,130,30,0,2,2,M1911,5.865,0.058,158105,97667,98240,9327
012 日常（82式）,130,130,130,30,0,2,5,纳甘左轮,5.955,0.058,158105,97667,98240,9470
012 日常（82式）,130,130,130,30,0,2,9,P38,6.011,0.058,158105,97667,98240,9560
012 日常（82式）,130,130,130,30,0,2,10,PPK,5.933,0.058,158105,97667,98240,9435
012 日常（82式）,130,130,130,30,0,2,17,M3,1.651,0.032,158105,97667,98240,2625
012 日常（82式）,130,130,130,30,0,2,21,PPSh-41,0.892,0.024,158105,97667,98240,1418
012 日常（82式）,130,130,130,30,0,2,24,PP-2000,1.645,0.032,158105,97667,98240,2616
012 日常（82式）,130,130,130,30,0,2,25,MP40,1.692,0.032,158105,97667,98240,2691
012 日常（82式）,130,130,130,30,0,2,31,伯莱塔38型,1.627,0.032,158105,97667,98240,2587
012 日常（82式）,130,130,130,30,0,2,33,m45,1.687,0.032,158105,97667,98240,2683
012 日常（82式）,130,130,130,30,0,2,90,FNP-9,5.994,0.058,158105,97667,98240,9533
012 日常（82式）,130,130,130,30,0,2,91,MP-446,5.897,0.058,158105,97667,98240,9378
012 日常（82式）,130,130,130,30,0,2,92,幽灵M4,1.676,0.032,158105,97667,98240,2666
012 日常（82式）,130,130,130,30,0,2,93,IDW,1.661,0.032,158105,97667,98240,2642
012 日常（82式）,130,130,130,30,0,2,94,64式,1.729,0.033,158105,97667,98240,2750
012 日常（82式）,130,130,130,30,0,2,139,布伦·坦,5.852,0.058,158105,97667,98240,9306
012 日常（82式）,130,130,130,30,0,2,141,USP-C,6.007,0.058,158105,97667,98240,9553
012 日常（82式）,130,130,130,30,0,3,3,M9,2.693,0.038,158105,32224,33275,4397
012 日常（82式）,130,130,130,30,0,3,6,托卡列夫,1.386,0.028,158105,32224,33275,2263
012 日常（82式）,130,130,130,30,0,3,8,马卡洛夫,1.455,0.029,158105,32224,33275,2375
012 日常（82式）,130,130,130,30,0,3,11,P08,2.732,0.038,158105,32224,33275,4460
012 日常（82式）,130,130,130,30,0,3,12,C96,2.747,0.038,158105,32224,33275,4484
012 日常（82式）,130,130,130,30,0,3,13,92式,1.406,0.028,158105,32224,33275,2296
012 日常（82式）,130,130,130,30,0,3,14,阿斯特拉左轮,2.748,0.038,158105,32224,33275,4487
012 日常（82式）,130,130,130,30,0,3,18,MAC-10,1.299,0.027,158105,32224,33275,2121
012 日常（82式）,130,130,130,30,0,3,22,PPS-43,0.664,0.020,158105,32224,33275,1084
012 日常（82式）,130,130,130,30,0,3,27,蝎式,1.228,0.027,158105,32224,33275,2005
012 日常（82式）,130,130,130,30,0,3,32,微型乌兹,1.255,0.027,158105,32224,33275,2049
012 日常（82式）,130,130,130,30,0,3,123,P99,0.768,0.021,158105,32224,33275,1254
012 日常（82式）,130,130,130,30,0,4,1,柯尔特左轮,1.742,0.030,158105,21311,22323,2885
012 日常（82式）,130,130,130,30,0,4,7,斯捷奇金,1.002,0.024,158105,21311,22323,1659
012 日常（82式）,130,130,130,30,0,4,26,MP5,0.646,0.019,158105,21311,22323,1070
012 日常（82式）,130,130,130,30,0,4,99,Mk23,1.326,0.027,158105,21311,22323,2196
012 日常（82式）,130,130,130,30,0,4,100,P7,1.383,0.027,158105,21311,22323,2291
012 日常（82式）,130,130,130,30,0,4,168,喷火,0.934,0.023,158105,21311,22323,1547
012 日常（82式）,130,130,130,30,0,4,212,K5,0.545,0.018,158105,21311,22323,903
012 日常（82式）,130,130,130,30,0,4,248,杰里科,0.952,0.023,158105,21311,22323,1577
012 日常（82式）,130,130,130,30,0,4,269,P30,0.959,0.023,158105,21311,22323,1589
012 日常（82式）,130,130,130,30,0,4,310,Rex-0-1,0.579,0.018,158105,21311,22323,959
012 日常（82式）,130,130,130,30,0,4,346,CZ 100,1.326,0.027,158105,21311,22323,2196
012 日常（82式）,130,130,130,30,0,4,354,ZiP .22,1.314,0.027,158105,21311,22323,2176
012 日常（82式）,130,130,130,30,0,4,379,P10C,0.770,0.021,158105,21311,22323,1275
012 日常（82式）,130,130,130,30,0,5,16,汤姆森,0.259,0.012,158105,6903,7194,427
012 日常（82式）,130,130,130,30,0,5,96,灰熊MkⅤ,0.738,0.019,158105,6903,7194,1216
012 日常（82式）,130,130,130,30,0,5,97,M950A,0.428,0.015,158105,6903,7194,705
012 日常（82式）,130,130,130,30,0,5,114,维尔德MkⅡ,0.620,0.018,158105,6903,7194,1021
012 日常（82式）,130,130,130,30,0,5,126,NZ75,0.401,0.015,158105,6903,7194,661
012 日常（82式）,130,130,130,30,0,5,183,竞争者,0.255,0.012,158105,6903,7194,420
012 日常（82式）,130,130,130,30,0,5,233,Px4 风暴,0.382,0.015,158105,6903,7194,629
012 日常（82式）,130,130,130,30,0,5,260,PA-15,0.225,0.011,158105,6903,7194,371
012 日常（82式）,130,130,130,30,0,5,285,C-93,0.276,0.013,158105,6903,7194,454
012 日常（82式）,130,130,130,30,0,5,303,HP-35,0.452,0.016,158105,6903,7194,745
012 日常（82式）,130,130,130,30,0,5,375,柯尔特沃克,0.331,0.014,158105,6903,7194,545
012 日常（82式）,130,130,130,130,0,2,2,M1911,5.563,0.116,37697,22929,23061,2109
012 日常（82式）,130,130,130,130,0,2,5,纳甘左轮,5.642,0.116,37697,22929,23061,2139
012 日常（82式）,130,130,130,130,0,2,9,P38,5.842,0.118,37697,22929,23061,2215
012 日常（82式）,130,130,130,130,0,2,10,PPK,5.795,0.118,37697,22929,23061,2197
012 日常（82式）,130,130,130,130,0,2,17,M3,1.751,0.067,37697,22929,23061,664
012 日常（82式）,130,130,130,130,0,2,21,PPSh-41,0.931,0.049,37697,22929,23061,353
012 日常（82式）,130,130,130,130,0,2,24,PP-2000,1.817,0.068,37697,22929,23061,689
012 日常（82式）,130,130,130,130,0,2,25,MP40,1.849,0.069,37697,22929,23061,701
012 日常（82式）,130,130,130,130,0,2,31,伯莱塔38型,1.736,0.067,37697,22929,23061,658
012 日常（82式）,130,130,130,130,0,2,33,m45,1.823,0.068,37697,22929,23061,691
012 日常（82式）,130,130,130,130,0,2,90,FNP-9,5.613,0.116,37697,22929,23061,2128
012 日常（82式）,130,130,130,130,0,2,91,MP-446,5.700,0.117,37697,22929,23061,2161
012 日常（82式）,130,130,130,130,0,2,92,幽灵M4,1.786,0.068,37697,22929,23061,677
012 日常（82式）,130,130,130,130,0,2,93,IDW,1.796,0.068,37697,22929,23061,681
012 日常（82式）,130,130,130,130,0,2,94,64式,1.751,0.067,37697,22929,23061,664
012 日常（82式）,130,130,130,130,0,2,139,布伦·坦,5.655,0.117,37697,22929,23061,2144
012 日常（82式）,130,130,130,130,0,2,141,USP-C,5.776,0.118,37697,22929,23061,2190
012 日常（82式）,130,130,130,130,0,3,3,M9,2.541,0.076,37697,7518,7771,990
012 日常（82式）,130,130,130,130,0,3,6,托卡列夫,1.270,0.055,37697,7518,7771,495
012 日常（82式）,130,130,130,130,0,3,8,马卡洛夫,1.412,0.058,37697,7518,7771,550
012 日常（82式）,130,130,130,130,0,3,11,P08,2.551,0.076,37697,7518,7771,994
012 日常（82式）,130,130,130,130,0,3,12,C96,2.607,0.076,37697,7518,7771,1016
012 日常（82式）,130,130,130,130,0,3,13,92式,1.240,0.055,37697,7518,7771,483
012 日常（82式）,130,130,130,130,0,3,14,阿斯特拉左轮,2.818,0.079,37697,7518,7771,1098
012 日常（82式）,130,130,130,130,0,3,18,MAC-10,1.317,0.056,37697,7518,7771,513
012 日常（82式）,130,130,130,130,0,3,22,PPS-43,0.683,0.041,37697,7518,7771,266
012 日常（82式）,130,130,130,130,0,3,27,蝎式,1.281,0.056,37697,7518,7771,499
012 日常（82式）,130,130,130,130,0,3,32,微型乌兹,1.488,0.060,37697,7518,7771,580
012 日常（82式）,130,130,130,130,0,3,123,P99,0.737,0.043,37697,7518,7771,287
012 日常（82式）,130,130,130,130,0,4,1,柯尔特左轮,1.807,0.063,37697,5426,5672,712
012 日常（82式）,130,130,130,130,0,4,7,斯捷奇金,1.099,0.051,37697,5426,5672,433
012 日常（82式）,130,130,130,130,0,4,26,MP5,1.223,0.053,37697,5426,5672,482
012 日常（82式）,130,130,130,130,0,4,99,Mk23,1.335,0.056,37697,5426,5672,526
012 日常（82式）,130,130,130,130,0,4,100,P7,1.353,0.056,37697,5426,5672,533
012 日常（82式）,130,130,130,130,0,4,168,喷火,0.992,0.049,37697,5426,5672,391
012 日常（82式）,130,130,130,130,0,4,212,K5,0.541,0.036,37697,5426,5672,213
012 日常（82式）,130,130,130,130,0,4,248,杰里科,0.977,0.048,37697,5426,5672,385
012 日常（82式）,130,130,130,130,0,4,269,P30,1.002,0.049,37697,5426,5672,395
012 日常（82式）,130,130,130,130,0,4,310,Rex-0-1,0.548,0.037,37697,5426,5672,216
012 日常（82式）,130,130,130,130,0,4,346,CZ 100,1.386,0.056,37697,5426,5672,546
012 日常（82式）,130,130,130,130,0,4,354,ZiP .22,1.380,0.056,37697,5426,5672,544
012 日常（82式）,130,130,130,130,0,4,379,P10C,0.751,0.043,37697,5426,5672,296
012 日常（82式）,130,130,130,130,0,5,16,汤姆森,0.391,0.030,37697,1824,1916,155
012 日常（82式）,130,130,130,130,0,5,96,灰熊MkⅤ,0.854,0.042,37697,1824,1916,338
012 日常（82式）,130,130,130,130,0,5,97,M950A,0.513,0.034,37697,1824,1916,203
012 日常（82式）,130,130,130,130,0,5,114,维尔德MkⅡ,0.641,0.038,37697,1824,1916,254
012 日常（82式）,130,130,130,130,0,5,126,NZ75,0.424,0.031,37697,1824,1916,168
012 日常（82式）,130,130,130,130,0,5,183,竞争者,0.255,0.025,37697,1824,1916,101
012 日常（82式）,130,130,130,130,0,5,233,Px4 风暴,0.432,0.032,37697,1824,1916,171
012 日常（82式）,130,130,130,130,0,5,260,PA-15,0.290,0.026,37697,1824,1916,115
012 日常（82式）,130,130,130,130,0,5,285,C-93,0.270,0.025,37697,1824,1916,107
012 日常（82式）,130,130,130,130,0,5,303,HP-35,0.465,0.033,37697,1824,1916,184
012 日常（82式）,130,130,130,130,0,5,375,柯尔特沃克,0.303,0.027,37697,1824,1916,120
012 日常（82式）,170,160,160,30,0,2,2,M1911,5.742,0.267,7303,4447,4465,421
012 日常（82式）,170,160,160,30,0,2,5,纳甘左轮,5.564,0.264,7303,4447,4465,408
012 日常（82式）,170,160,160,30,0,2,9,P38,4.773,0.246,7303,4447,4465,350
012 日常（82式）,170,160,160,30,0,2,10,PPK,4.841,0.247,7303,4447,4465,355
012 日常（82式）,170,160,160,30,0,2,17,M3,2.100,0.167,7303,4447,4465,154
012 日常（82式）,170,160,160,30,0,2,21,PPSh-41,1.268,0.131,7303,4447,4465,93
012 日常（82式）,170,160,160,30,0,2,24,PP-2000,1.977,0.162,7303,4447,4465,145
012 日常（82式）,170,160,160,30,0,2,25,MP40,2.250,0.173,7303,4447,4465,165
012 日常（82式）,170,160,160,30,0,2,31,伯莱塔38型,1.909,0.159,7303,4447,4465,140
012 日常（82式）,170,160,160,30,0,2,33,m45,1.923,0.160,7303,4447,4465,141
012 日常（82式）,170,160,160,30,0,2,90,FNP-9,5.319,0.258,7303,4447,4465,390
012 日常（82式）,170,160,160,30,0,2,91,MP-446,5.782,0.268,7303,4447,4465,424
012 日常（82式）,170,160,160,30,0,2,92,幽灵M4,1.868,0.158,7303,4447,4465,137
012 日常（82式）,170,160,160,30,0,2,93,IDW,2.223,0.172,7303,4447,4465,163
012 日常（82式）,170,160,160,30,0,2,94,64式,2.141,0.168,7303,4447,4465,157
012 日常（82式）,170,160,160,30,0,2,139,布伦·坦,5.714,0.267,7303,4447,4465,419
012 日常（82式）,170,160,160,30,0,2,141,USP-C,5.496,0.262,7303,4447,4465,403
012 日常（82式）,170,160,160,30,0,3,3,M9,2.253,0.164,7303,1484,1524,169
012 日常（82式）,170,160,160,30,0,3,6,托卡列夫,1.493,0.136,7303,1484,1524,112
012 日常（82式）,170,160,160,30,0,3,8,马卡洛夫,1.307,0.128,7303,1484,1524,98
012 日常（82式）,170,160,160,30,0,3,11,P08,2.840,0.181,7303,1484,1524,213
012 日常（82式）,170,160,160,30,0,3,12,C96,2.453,0.170,7303,1484,1524,184
012 日常（82式）,170,160,160,30,0,3,13,92式,1.280,0.127,7303,1484,1524,96
012 日常（82式）,170,160,160,30,0,3,14,阿斯特拉左轮,2.747,0.179,7303,1484,1524,206
012 日常（82式）,170,160,160,30,0,3,18,MAC-10,1.573,0.140,7303,1484,1524,118
012 日常（82式）,170,160,160,30,0,3,22,PPS-43,0.747,0.098,7303,1484,1524,56
012 日常（82式）,170,160,160,30,0,3,27,蝎式,1.227,0.124,7303,1484,1524,92
012 日常（82式）,170,160,160,30,0,3,32,微型乌兹,1.653,0.143,7303,1484,1524,124
012 日常（82式）,170,160,160,30,0,3,123,P99,0.747,0.098,7303,1484,1524,56
012 日常（82式）,170,160,160,30,0,4,1,柯尔特左轮,1.593,0.137,7303,1041,1083,121
012 日常（82式）,170,160,160,30,0,4,7,斯捷奇金,0.948,0.108,7303,1041,1083,72
012 日常（82式）,170,160,160,30,0,4,26,MP5,1.198,0.121,7303,1041,1083,91
012 日常（82式）,170,160,160,30,0,4,99,Mk23,1.132,0.118,7303,1041,1083,86
012 日常（82式）,170,160,160,30,0,4,100,P7,1.461,0.132,7303,1041,1083,111
012 日常（82式）,170,160,160,30,0,4,168,喷火,1.053,0.114,7303,1041,1083,80
012 日常（82式）,170,160,160,30,0,4,212,K5,0.605,0.088,7303,1041,1083,46
012 日常（82式）,170,160,160,30,0,4,248,杰里科,0.803,0.100,7303,1041,1083,61
012 日常（82式）,170,160,160,30,0,4,269,P30,0.948,0.108,7303,1041,1083,72
012 日常（82式）,170,160,160,30,0,4,310,Rex-0-1,0.645,0.090,7303,1041,1083,49
012 日常（82式）,170,160,160,30,0,4,346,CZ 100,1.514,0.134,7303,1041,1083,115
012 日常（82式）,170,160,160,30,0,4,354,ZiP .22,1.566,0.136,7303,1041,1083,119
012 日常（82式）,170,160,160,30,0,4,379,P10C,0.790,0.099,7303,1041,1083,60
012 日常（82式）,170,160,160,30,0,5,16,汤姆森,0.642,0.086,7303,331,339,48
012 日常（82式）,170,160,160,30,0,5,96,灰熊MkⅤ,0.856,0.096,7303,331,339,64
012 日常（82式）,170,160,160,30,0,5,97,M950A,0.401,0.070,7303,331,339,30
012 日常（82式）,170,160,160,30,0,5,114,维尔德MkⅡ,0.508,0.078,7303,331,339,38
012 日常（82式）,170,160,160,30,0,5,126,NZ75,0.321,0.063,7303,331,339,24
012 日常（82式）,170,160,160,30,0,5,183,竞争者,0.334,0.064,7303,331,339,25
012 日常（82式）,170,160,160,30,0,5,233,Px4 风暴,0.267,0.058,7303,331,339,20
012 日常（82式）,170,160,160,30,0,5,260,PA-15,0.201,0.051,7303,331,339,15
012 日常（82式）,170,160,160,30,0,5,285,C-93,0.214,0.052,7303,331,339,16
012 日常（82式）,170,160,160,30,0,5,303,HP-35,0.401,0.070,7303,331,339,30
012 日常（82式）,170,160,160,30,0,5,375,柯尔特沃克,0.388,0.069,7303,331,339,29
012 日常（82式）,400,91,400,30,0,2,17,M3,1.548,0.104,13762,7403,7504,216
012 日常（82式）,400,91,400,30,0,2,21,PPSh-41,0.989,0.084,13762,7403,7504,138
012 日常（82式）,400,91,400,30,0,2,24,PP-2000,1.448,0.101,13762,7403,7504,202
012 日常（82式）,400,91,400,30,0,2,25,MP40,1.591,0.106,13762,7403,7504,222
012 日常（82式）,400,91,400,30,0,2,31,伯莱塔38型,1.670,0.108,13762,7403,7504,233
012 日常（82式）,400,91,400,30,0,2,33,m45,1.434,0.100,13762,7403,7504,200
012 日常（82式）,400,91,400,30,0,2,40,SVT-38,6.194,0.199,13762,7403,7504,864
012 日常（82式）,400,91,400,30,0,2,41,西蒙诺夫,6.201,0.199,13762,7403,7504,865
012 日常（82式）,400,91,400,30,0,2,47,G43,5.893,0.195,13762,7403,7504,822
012 日常（82式）,400,91,400,30,0,2,51,FN-49,6.373,0.201,13762,7403,7504,889
012 日常（82式）,400,91,400,30,0,2,52,BM59,6.308,0.200,13762,7403,7504,880
012 日常（82式）,400,91,400,30,0,2,63,G3,1.979,0.117,13762,7403,7504,276
012 日常（82式）,400,91,400,30,0,2,68,L85A1,1.556,0.104,13762,7403,7504,217
012 日常（82式）,400,91,400,30,0,2,71,加利尔,1.828,0.113,13762,7403,7504,255
012 日常（82式）,400,91,400,30,0,2,74,SIG-510,1.613,0.106,13762,7403,7504,225
012 日常（82式）,400,91,400,30,0,2,92,幽灵M4,1.412,0.100,13762,7403,7504,197
012 日常（82式）,400,91,400,30,0,2,93,IDW,1.548,0.104,13762,7403,7504,216
012 日常（82式）,400,91,400,30,0,2,94,64式,1.627,0.107,13762,7403,7504,227
012 日常（82式）,400,91,400,30,0,2,107,F2000,1.613,0.106,13762,7403,7504,225
012 日常（82式）,400,91,400,30,0,2,133,63式,0.968,0.083,13762,7403,7504,135
012 日常（82式）,400,91,400,30,0,3,18,MAC-10,1.037,0.083,13762,2771,2894,149
012 日常（82式）,400,91,400,30,0,3,22,PPS-43,0.522,0.060,13762,2771,2894,75
012 日常（82式）,400,91,400,30,0,3,27,蝎式,1.231,0.090,13762,2771,2894,177
012 日常（82式）,400,91,400,30,0,3,32,微型乌兹,1.051,0.083,13762,2771,2894,151
012 日常（82式）,400,91,400,30,0,3,34,M1加兰德,4.168,0.152,13762,2771,2894,599
012 日常（82式）,400,91,400,30,0,3,37,M14,3.868,0.148,13762,2771,2894,556
012 日常（82式）,400,91,400,30,0,3,44,SV-98,3.875,0.148,13762,2771,2894,557
012 日常（82式）,400,91,400,30,0,3,58,AK-47,0.807,0.074,13762,2771,2894,116
012 日常（82式）,400,91,400,30,0,3,61,StG44,1.044,0.083,13762,2771,2894,150
012 日常（82式）,400,91,400,30,0,3,70,FNC,0.960,0.080,13762,2771,2894,138
012 日常（82式）,400,91,400,30,0,3,95,汉阳造88式,1.009,0.082,13762,2771,2894,145
012 日常（82式）,400,91,400,30,0,3,105,OTs-12,0.564,0.062,13762,2771,2894,81
012 日常（82式）,400,91,400,30,0,4,26,MP5,0.799,0.073,13762,2292,2376,114
012 日常（82式）,400,91,400,30,0,4,36,春田,1.668,0.103,13762,2292,2376,238
012 日常（82式）,400,91,400,30,0,4,39,莫辛-纳甘,1.633,0.102,13762,2292,2376,233
012 日常（82式）,400,91,400,30,0,4,42,PTRD,1.234,0.090,13762,2292,2376,176
012 日常（82式）,400,91,400,30,0,4,43,SVD,0.498,0.058,13762,2292,2376,71
012 日常（82式）,400,91,400,30,0,4,60,AS Val,0.400,0.052,13762,2292,2376,57
012 日常（82式）,400,91,400,30,0,4,66,56-1式,0.322,0.047,13762,2292,2376,46
012 日常（82式）,400,91,400,30,0,4,69,FAMAS,0.421,0.054,13762,2292,2376,60
012 日常（82式）,400,91,400,30,0,4,118,9A-91,0.301,0.046,13762,2292,2376,43
012 日常（82式）,400,91,400,30,0,4,184,T-5000,1.255,0.090,13762,2292,2376,179
012 日常（82式）,400,91,400,30,0,4,216,XM8,0.336,0.048,13762,2292,2376,48
012 日常（82式）,400,91,400,30,0,4,235,SPR A3G,1.647,0.102,13762,2292,2376,235
012 日常（82式）,400,91,400,30,0,4,237,SAR-21,0.435,0.055,13762,2292,2376,62
012 日常（82式）,400,91,400,30,0,4,247,K31,0.974,0.080,13762,2292,2376,139
012 日常（82式）,400,91,400,30,0,4,262,EM-2,0.343,0.049,13762,2292,2376,49
012 日常（82式）,400,91,400,30,0,4,270,四式,1.143,0.087,13762,2292,2376,163
012 日常（82式）,400,91,400,30,0,4,288,CR-21,0.350,0.049,13762,2292,2376,50
012 日常（82式）,400,91,400,30,0,4,305,塔布克,1.353,0.094,13762,2292,2376,193
012 日常（82式）,400,91,400,30,0,4,330,FX-05,0.364,0.050,13762,2292,2376,52
012 日常（82式）,400,91,400,30,0,4,349,AK74M,0.308,0.046,13762,2292,2376,44
012 日常（82式）,400,91,400,30,0,4,382,MSBS,0.407,0.053,13762,2292,2376,58
012 日常（82式）,400,91,400,30,0,4,394,CM901,0.463,0.056,13762,2292,2376,66
012 日常（82式）,400,91,400,30,0,5,16,汤姆森,0.314,0.046,13762,1296,1380,46
012 日常（82式）,400,91,400,30,0,5,46,Kar98k,0.423,0.053,13762,1296,1380,62
012 日常（82式）,400,91,400,30,0,5,48,WA2000,0.539,0.059,13762,1296,1380,79
012 日常（82式）,400,91,400,30,0,5,50,李-恩菲尔德,0.430,0.053,13762,1296,1380,63
012 日常（82式）,400,91,400,30,0,5,53,NTW-20,0.485,0.056,13762,1296,1380,71
012 日常（82式）,400,91,400,30,0,5,65,HK416,0.136,0.030,13762,1296,1380,20
012 日常（82式）,400,91,400,30,0,5,122,G11,0.116,0.028,13762,1296,1380,17
012 日常（82式）,400,91,400,30,0,5,128,M99,0.198,0.036,13762,1296,1380,29
012 日常（82式）,400,91,400,30,0,5,148,IWS 2000,0.252,0.041,13762,1296,1380,37
012 日常（82式）,400,91,400,30,0,5,197,卡尔卡诺M1891,0.409,0.052,13762,1296,1380,60
012 日常（82式）,400,91,400,30,0,5,198,卡尔卡诺M91/38,0.355,0.048,13762,1296,1380,52
012 日常（82式）,400,91,400,30,0,5,257,M200,0.607,0.062,13762,1296,1380,89
012 日常（82式）,400,91,400,30,0,5,261,QBU-88,0.655,0.065,13762,1296,1380,96
012 日常（82式）,400,91,400,30,0,5,312,VSK-94,0.471,0.055,13762,1296,1380,69
012 日常（82式）,400,91,400,30,0,5,329,SVCh,0.396,0.051,13762,1296,1380,58
012 日常（82式）,400,91,400,30,0,5,337,德利尔,0.444,0.054,13762,1296,1380,65
012 日常（82式）,400,91,400,30,0,5,338,SIG MCX,0.177,0.035,13762,1296,1380,26
012 日常（82式）,400,91,400,30,0,5,348,HS.50,0.580,0.061,13762,1296,1380,85
012 日常（82式）,400,91,400,30,0,5,356,A-545,0.109,0.027,13762,1296,1380,16
012 日常（82式）,400,91,400,30,0,5,365,SCR,0.116,0.028,13762,1296,1380,17
012 日常（82式）,400,91,400,30,0,5,377,SCAR-H,0.300,0.045,13762,1296,1380,44
012 日常（82式）,400,91,400,30,0,5,378,SCAR-L,0.089,0.025,13762,1296,1380,13
012 日常（82式）,400,91,400,30,0,5,381,M110,0.525,0.058,13762,1296,1380,77
012 日常（82式）,400,91,400,30,0,5,388,QBU-191,0.607,0.062,13762,1296,1380,89
012 日常（82式）,400,91,400,30,0,5,389,博斯,0.409,0.052,13762,1296,1380,60
012 日常（82式）,400,91,400,30,0,5,390,HK433,0.164,0.033,13762,1296,1380,24
012 日常（82式）,400,91,400,30,0,5,393,贝奥武夫,0.109,0.027,13762,1296,1380,16
012 日常（82式）,400,100,400,200,0,2,17,M3,1.437,0.031,146875,79012,79946,2135
012 日常（82式）,400,100,400,200,0,2,21,PPSh-41,0.767,0.023,146875,79012,79946,1140
012 日常（82式）,400,100,400,200,0,2,24,PP-2000,1.411,0.030,146875,79012,79946,2097
012 日常（82式）,400,100,400,200,0,2,25,MP40,1.447,0.031,146875,79012,79946,2150
012 日常（82式）,400,100,400,200,0,2,31,伯莱塔38型,1.401,0.030,146875,79012,79946,2082
012 日常（82式）,400,100,400,200,0,2,33,m45,1.408,0.030,146875,79012,79946,2093
012 日常（82式）,400,100,400,200,0,2,40,SVT-38,6.541,0.062,146875,79012,79946,9721
012 日常（82式）,400,100,400,200,0,2,41,西蒙诺夫,6.477,0.062,146875,79012,79946,9626
012 日常（82式）,400,100,400,200,0,2,47,G43,6.611,0.063,146875,79012,79946,9824
012 日常（82式）,400,100,400,200,0,2,51,FN-49,6.633,0.063,146875,79012,79946,9857
012 日常（82式）,400,100,400,200,0,2,52,BM59,6.505,0.062,146875,79012,79946,9667
012 日常（82式）,400,100,400,200,0,2,63,G3,1.587,0.032,146875,79012,79946,2358
012 日常（82式）,400,100,400,200,0,2,68,L85A1,1.577,0.032,146875,79012,79946,2343
012 日常（82式）,400,100,400,200,0,2,71,加利尔,1.483,0.031,146875,79012,79946,2204
012 日常（82式）,400,100,400,200,0,2,74,SIG-510,1.603,0.032,146875,79012,79946,2382
012 日常（82式）,400,100,400,200,0,2,92,幽灵M4,1.488,0.031,146875,79012,79946,2212
012 日常（82式）,400,100,400,200,0,2,93,IDW,1.468,0.031,146875,79012,79946,2182
012 日常（82式）,400,100,400,200,0,2,94,64式,1.486,0.031,146875,79012,79946,2208
012 日常（82式）,400,100,400,200,0,2,107,F2000,1.563,0.032,146875,79012,79946,2323
012 日常（82式）,400,100,400,200,0,2,133,63式,0.903,0.024,146875,79012,79946,1342
012 日常（82式）,400,100,400,200,0,3,18,MAC-10,1.059,0.026,146875,30016,30807,1597
012 日常（82式）,400,100,400,200,0,3,22,PPS-43,0.559,0.019,146875,30016,30807,842
012 日常（82式）,400,100,400,200,0,3,27,蝎式,1.038,0.026,146875,30016,30807,1565
012 日常（82式）,400,100,400,200,0,3,32,微型乌兹,1.123,0.027,146875,30016,30807,1693
012 日常（82式）,400,100,400,200,0,3,34,M1加兰德,4.084,0.047,146875,30016,30807,6156
012 日常（82式）,400,100,400,200,0,3,37,M14,4.056,0.046,146875,30016,30807,6114
012 日常（82式）,400,100,400,200,0,3,44,SV-98,4.082,0.047,146875,30016,30807,6153
012 日常（82式）,400,100,400,200,0,3,58,AK-47,0.976,0.025,146875,30016,30807,1472
012 日常（82式）,400,100,400,200,0,3,61,StG44,0.998,0.025,146875,30016,30807,1505
012 日常（82式）,400,100,400,200,0,3,70,FNC,0.996,0.025,146875,30016,30807,1501
012 日常（82式）,400,100,400,200,0,3,95,汉阳造88式,0.951,0.025,146875,30016,30807,1434
012 日常（82式）,400,100,400,200,0,3,105,OTs-12,0.514,0.018,146875,30016,30807,775
012 日常（82式）,400,100,400,200,0,4,26,MP5,0.754,0.022,146875,23664,24386,1141
012 日常（82式）,400,100,400,200,0,4,36,春田,1.571,0.031,146875,23664,24386,2378
012 日常（82式）,400,100,400,200,0,4,39,莫辛-纳甘,1.691,0.032,146875,23664,24386,2559
012 日常（82式）,400,100,400,200,0,4,42,PTRD,1.312,0.028,146875,23664,24386,1986
012 日常（82式）,400,100,400,200,0,4,43,SVD,0.544,0.019,146875,23664,24386,824
012 日常（82式）,400,100,400,200,0,4,60,AS Val,0.338,0.015,146875,23664,24386,511
012 日常（82式）,400,100,400,200,0,4,66,56-1式,0.345,0.015,146875,23664,24386,522
012 日常（82式）,400,100,400,200,0,4,69,FAMAS,0.319,0.014,146875,23664,24386,483
012 日常（82式）,400,100,400,200,0,4,118,9A-91,0.316,0.014,146875,23664,24386,479
012 日常（82式）,400,100,400,200,0,4,184,T-5000,1.244,0.028,146875,23664,24386,1883
012 日常（82式）,400,100,400,200,0,4,216,XM8,0.297,0.014,146875,23664,24386,450
012 日常（82式）,400,100,400,200,0,4,235,SPR A3G,1.656,0.031,146875,23664,24386,2507
012 日常（82式）,400,100,400,200,0,4,237,SAR-21,0.320,0.014,146875,23664,24386,485
012 日常（82式）,400,100,400,200,0,4,247,K31,0.928,0.024,146875,23664,24386,1404
012 日常（82式）,400,100,400,200,0,4,262,EM-2,0.311,0.014,146875,23664,24386,471
012 日常（82式）,400,100,400,200,0,4,270,四式,1.297,0.028,146875,23664,24386,1963
012 日常（82式）,400,100,400,200,0,4,288,CR-21,0.336,0.015,146875,23664,24386,509
012 日常（82式）,400,100,400,200,0,4,305,塔布克,1.216,0.027,146875,23664,24386,1841
012 日常（82式）,400,100,400,200,0,4,330,FX-05,0.341,0.015,146875,23664,24386,516
012 日常（82式）,400,100,400,200,0,4,349,AK74M,0.328,0.015,146875,23664,24386,496
012 日常（82式）,400,100,400,200,0,4,382,MSBS,0.315,0.014,146875,23664,24386,477
012 日常（82式）,400,100,400,200,0,4,394,CM901,0.331,0.015,146875,23664,24386,501
012 日常（82式）,400,100,400,200,0,5,16,汤姆森,0.289,0.014,146875,14183,14651,438
012 日常（82式）,400,100,400,200,0,5,46,Kar98k,0.439,0.017,146875,14183,14651,666
012 日常（82式）,400,100,400,200,0,5,48,WA2000,0.603,0.019,146875,14183,14651,915
012 日常（82式）,400,100,400,200,0,5,50,李-恩菲尔德,0.432,0.016,146875,14183,14651,655
012 日常（82式）,400,100,400,200,0,5,53,NTW-20,0.584,0.019,146875,14183,14651,886
012 日常（82式）,400,100,400,200,0,5,65,HK416,0.136,0.009,146875,14183,14651,206
012 日常（82式）,400,100,400,200,0,5,122,G11,0.082,0.007,146875,14183,14651,125
012 日常（82式）,400,100,400,200,0,5,128,M99,0.221,0.012,146875,14183,14651,336
012 日常（82式）,400,100,400,200,0,5,148,IWS 2000,0.274,0.013,146875,14183,14651,415
012 日常（82式）,400,100,400,200,0,5,197,卡尔卡诺M1891,0.434,0.017,146875,14183,14651,658
012 日常（82式）,400,100,400,200,0,5,198,卡尔卡诺M91/38,0.260,0.013,146875,14183,14651,394
012 日常（82式）,400,100,400,200,0,5,257,M200,0.616,0.020,146875,14183,14651,935
012 日常（82式）,400,100,400,200,0,5,261,QBU-88,0.634,0.020,146875,14183,14651,962
012 日常（82式）,400,100,400,200,0,5,312,VSK-94,0.428,0.016,146875,14183,14651,649
012 日常（82式）,400,100,400,200,0,5,329,SVCh,0.432,0.016,146875,14183,14651,655
012 日常（82式）,400,100,400,200,0,5,337,德利尔,0.441,0.017,146875,14183,14651,669
012 日常（82式）,400,100,400,200,0,5,338,SIG MCX,0.163,0.010,146875,14183,14651,247
012 日常（82式）,400,100,400,200,0,5,348,HS.50,0.597,0.019,146875,14183,14651,906
012 日常（82式）,400,100,400,200,0,5,356,A-545,0.124,0.009,146875,14183,14651,188
012 日常（82式）,400,100,400,200,0,5,365,SCR,0.120,0.009,146875,14183,14651,182
012 日常（82式）,400,100,400,200,0,5,377,SCAR-H,0.368,0.015,146875,14183,14651,559
012 日常（82式）,400,100,400,200,0,5,378,SCAR-L,0.093,0.008,146875,14183,14651,141
012 日常（82式）,400,100,400,200,0,5,381,M110,0.603,0.019,146875,14183,14651,915
012 日常（82式）,400,100,400,200,0,5,388,QBU-191,0.610,0.019,146875,14183,14651,925
012 日常（82式）,400,100,400,200,0,5,389,博斯,0.460,0.017,146875,14183,14651,698
012 日常（82式）,400,100,400,200,0,5,390,HK433,0.116,0.009,146875,14183,14651,176
012 日常（82式）,400,100,400,200,0,5,393,贝奥武夫,0.099,0.008,146875,14183,14651,150
012 日常（82式）,400,400,91,30,0,2,17,M3,3.990,0.234,6606,3143,3196,268
012 日常（82式）,400,400,91,30,0,2,21,PPSh-41,2.441,0.187,6606,3143,3196,164
012 日常（82式）,400,400,91,30,0,2,24,PP-2000,4.406,0.245,6606,3143,3196,296
012 日常（82式）,400,400,91,30,0,2,25,MP40,4.139,0.238,6606,3143,3196,278
012 日常（82式）,400,400,91,30,0,2,31,伯莱塔38型,4.406,0.245,6606,3143,3196,296
012 日常（82式）,400,400,91,30,0,2,33,m45,4.838,0.256,6606,3143,3196,325
012 日常（82式）,400,400,91,30,0,2,63,G3,1.995,0.169,6606,3143,3196,134
012 日常（82式）,400,400,91,30,0,2,68,L85A1,2.010,0.170,6606,3143,3196,135
012 日常（82式）,400,400,91,30,0,2,71,加利尔,1.861,0.164,6606,3143,3196,125
012 日常（82式）,400,400,91,30,0,2,74,SIG-510,1.980,0.169,6606,3143,3196,133
012 日常（82式）,400,400,91,30,0,2,92,幽灵M4,3.960,0.234,6606,3143,3196,266
012 日常（82式）,400,400,91,30,0,2,93,IDW,4.213,0.240,6606,3143,3196,283
012 日常（82式）,400,400,91,30,0,2,94,64式,4.049,0.236,6606,3143,3196,272
012 日常（82式）,400,400,91,30,0,2,107,F2000,1.920,0.166,6606,3143,3196,129
012 日常（82式）,400,400,91,30,0,2,133,63式,1.370,0.141,6606,3143,3196,92
012 日常（82式）,400,400,91,30,0,3,18,MAC-10,3.238,0.198,6606,1311,1379,225
012 日常（82式）,400,400,91,30,0,3,22,PPS-43,1.842,0.156,6606,1311,1379,128
012 日常（82式）,400,400,91,30,0,3,27,蝎式,3.324,0.200,6606,1311,1379,231
012 日常（82式）,400,400,91,30,0,3,29,司登MkⅡ,3.468,0.204,6606,1311,1379,241
012 日常（82式）,400,400,91,30,0,3,32,微型乌兹,3.425,0.203,6606,1311,1379,238
012 日常（82式）,400,400,91,30,0,3,58,AK-47,1.281,0.132,6606,1311,1379,89
012 日常（82式）,400,400,91,30,0,3,61,StG44,1.310,0.133,6606,1311,1379,91
012 日常（82式）,400,400,91,30,0,3,70,FNC,1.281,0.132,6606,1311,1379,89
012 日常（82式）,400,400,91,30,0,3,105,OTs-12,0.676,0.097,6606,1311,1379,47
012 日常（82式）,400,400,91,30,0,4,23,PP-90,0.936,0.115,6606,1667,1725,64
012 日常（82式）,400,400,91,30,0,4,26,MP5,1.726,0.154,6606,1667,1725,118
012 日常（82式）,400,400,91,30,0,4,60,AS Val,0.512,0.086,6606,1667,1725,35
012 日常（82式）,400,400,91,30,0,4,66,56-1式,0.395,0.076,6606,1667,1725,27
012 日常（82式）,400,400,91,30,0,4,69,FAMAS,0.410,0.077,6606,1667,1725,28
012 日常（82式）,400,400,91,30,0,4,101,UMP9,1.331,0.136,6606,1667,1725,91
012 日常（82式）,400,400,91,30,0,4,103,UMP45,1.243,0.132,6606,1667,1725,85
012 日常（82式）,400,400,91,30,0,4,118,9A-91,0.483,0.084,6606,1667,1725,33
012 日常（82式）,400,400,91,30,0,4,137,PP-19-01,1.287,0.134,6606,1667,1725,88
012 日常（82式）,400,400,91,30,0,4,150,希普卡,1.580,0.148,6606,1667,1725,108
012 日常（82式）,400,400,91,30,0,4,216,XM8,0.380,0.074,6606,1667,1725,26
012 日常（82式）,400,400,91,30,0,4,237,SAR-21,0.527,0.087,6606,1667,1725,36
012 日常（82式）,400,400,91,30,0,4,262,EM-2,0.453,0.081,6606,1667,1725,31
012 日常（82式）,400,400,91,30,0,4,286,KAC-PDW,1.346,0.137,6606,1667,1725,92
012 日常（82式）,400,400,91,30,0,4,288,CR-21,0.453,0.081,6606,1667,1725,31
012 日常（82式）,400,400,91,30,0,4,304,SAF,1.434,0.141,6606,1667,1725,98
012 日常（82式）,400,400,91,30,0,4,328,AR-57,0.922,0.114,6606,1667,1725,63
012 日常（82式）,400,400,91,30,0,4,330,FX-05,0.366,0.073,6606,1667,1725,25
012 日常（82式）,400,400,91,30,0,4,336,PPD-40,1.126,0.126,6606,1667,1725,77
012 日常（82式）,400,400,91,30,0,4,349,AK74M,0.424,0.078,6606,1667,1725,29
012 日常（82式）,400,400,91,30,0,4,355,维涅龙M2,1.536,0.146,6606,1667,1725,105
012 日常（82式）,400,400,91,30,0,4,363,MPL,1.156,0.128,6606,1667,1725,79
012 日常（82式）,400,400,91,30,0,4,364,MPK,1.287,0.134,6606,1667,1725,88
012 日常（82式）,400,400,91,30,0,4,380,APC9K,1.463,0.143,6606,1667,1725,100
012 日常（82式）,400,400,91,30,0,4,382,MSBS,0.512,0.086,6606,1667,1725,35
012 日常（82式）,400,400,91,30,0,4,392,欧文,1.492,0.144,6606,1667,1725,102
012 日常（82式）,400,400,91,30,0,4,394,CM901,0.453,0.081,6606,1667,1725,31
012 日常（82式）,400,400,91,30,0,5,16,汤姆森,0.710,0.097,6606,485,507,49
012 日常（82式）,400,400,91,30,0,5,20,维克托,0.666,0.094,6606,485,507,46
012 日常（82式）,400,400,91,30,0,5,65,HK416,0.174,0.050,6606,485,507,12
012 日常（82式）,400,400,91,30,0,5,104,G36C,0.492,0.082,6606,485,507,34
012 日常（82式）,400,400,91,30,0,5,115,索米,0.594,0.089,6606,485,507,41
012 日常（82式）,400,400,91,30,0,5,122,G11,0.101,0.038,6606,485,507,7
012 日常（82式）,400,400,91,30,0,5,127,79式,0.637,0.092,6606,485,507,44
012 日常（82式）,400,400,91,30,0,5,135,SR-3MP,0.405,0.075,6606,485,507,28
012 日常（82式）,400,400,91,30,0,5,213,C-MS,0.348,0.069,6606,485,507,24
012 日常（82式）,400,400,91,30,0,5,228,樱花,0.478,0.081,6606,485,507,33
012 日常（82式）,400,400,91,30,0,5,245,P90,0.217,0.055,6606,485,507,15
012 日常（82式）,400,400,91,30,0,5,338,SIG MCX,0.275,0.062,6606,485,507,19
012 日常（82式）,400,400,91,30,0,5,347,SR-2,0.478,0.081,6606,485,507,33
012 日常（82式）,400,400,91,30,0,5,356,A-545,0.188,0.052,6606,485,507,13
012 日常（82式）,400,400,91,30,0,5,365,SCR,0.246,0.059,6606,485,507,17
012 日常（82式）,400,400,91,30,0,5,376,Erma,0.362,0.071,6606,485,507,25
012 日常（82式）,400,400,91,30,0,5,378,SCAR-L,0.101,0.038,6606,485,507,7
012 日常（82式）,400,400,91,30,0,5,390,HK433,0.159,0.048,6606,485,507,11
012 日常（82式）,400,400,91,30,0,5,391,82式,0.565,0.087,6606,485,507,39
012 日常（82式）,400,400,91,30,0,5,393,贝奥武夫,0.145,0.045,6606,485,507,10
012 日常（82式）,400,400,100,200,0,2,17,M3,4.385,0.051,151980,72913,73736,6740
012 日常（82式）,400,400,100,200,0,2,21,PPSh-41,2.320,0.038,151980,72913,73736,3565
012 日常（82式）,400,400,100,200,0,2,24,PP-2000,4.394,0.051,151980,72913,73736,6753
012 日常（82式）,400,400,100,200,0,2,25,MP40,4.317,0.051,151980,72913,73736,6635
012 日常（82式）,400,400,100,200,0,2,31,伯莱塔38型,4.413,0.051,151980,72913,73736,6783
012 日常（82式）,400,400,100,200,0,2,33,m45,4.374,0.051,151980,72913,73736,6722
012 日常（82式）,400,400,100,200,0,2,63,G3,1.939,0.035,151980,72913,73736,2980
012 日常（82式）,400,400,100,200,0,2,68,L85A1,1.915,0.035,151980,72913,73736,2944
012 日常（82式）,400,400,100,200,0,2,71,加利尔,1.901,0.034,151980,72913,73736,2922
012 日常（82式）,400,400,100,200,0,2,74,SIG-510,1.969,0.035,151980,72913,73736,3026
012 日常（82式）,400,400,100,200,0,2,92,幽灵M4,4.334,0.051,151980,72913,73736,6661
012 日常（82式）,400,400,100,200,0,2,93,IDW,4.379,0.051,151980,72913,73736,6731
012 日常（82式）,400,400,100,200,0,2,94,64式,4.257,0.050,151980,72913,73736,6543
012 日常（82式）,400,400,100,200,0,2,107,F2000,1.989,0.035,151980,72913,73736,3057
012 日常（82式）,400,400,100,200,0,2,133,63式,1.089,0.026,151980,72913,73736,1674
012 日常（82式）,400,400,100,200,0,3,18,MAC-10,3.284,0.042,151980,29559,30509,5151
012 日常（82式）,400,400,100,200,0,3,22,PPS-43,1.790,0.032,151980,29559,30509,2808
012 日常（82式）,400,400,100,200,0,3,27,蝎式,3.298,0.042,151980,29559,30509,5173
012 日常（82式）,400,400,100,200,0,3,29,司登MkⅡ,3.432,0.042,151980,29559,30509,5384
012 日常（82式）,400,400,100,200,0,3,32,微型乌兹,3.321,0.042,151980,29559,30509,5209
012 日常（82式）,400,400,100,200,0,3,58,AK-47,1.242,0.027,151980,29559,30509,1948
012 日常（82式）,400,400,100,200,0,3,61,StG44,1.262,0.027,151980,29559,30509,1980
012 日常（82式）,400,400,100,200,0,3,70,FNC,1.193,0.027,151980,29559,30509,1871
012 日常（82式）,400,400,100,200,0,3,105,OTs-12,0.628,0.020,151980,29559,30509,985
012 日常（82式）,400,400,100,200,0,4,23,PP-90,1.059,0.025,151980,38857,40939,1695
012 日常（82式）,400,400,100,200,0,4,26,MP5,1.829,0.033,151980,38857,40939,2929
012 日常（82式）,400,400,100,200,0,4,60,AS Val,0.418,0.016,151980,38857,40939,669
012 日常（82式）,400,400,100,200,0,4,66,56-1式,0.432,0.016,151980,38857,40939,692
012 日常（82式）,400,400,100,200,0,4,69,FAMAS,0.390,0.016,151980,38857,40939,625
012 日常（82式）,400,400,100,200,0,4,101,UMP9,1.451,0.029,151980,38857,40939,2323
012 日常（82式）,400,400,100,200,0,4,103,UMP45,1.463,0.029,151980,38857,40939,2343
012 日常（82式）,400,400,100,200,0,4,118,9A-91,0.395,0.016,151980,38857,40939,633
012 日常（82式）,400,400,100,200,0,4,137,PP-19-01,1.428,0.029,151980,38857,40939,2286
012 日常（82式）,400,400,100,200,0,4,150,希普卡,1.398,0.029,151980,38857,40939,2238
012 日常（82式）,400,400,100,200,0,4,216,XM8,0.417,0.016,151980,38857,40939,668
012 日常（82式）,400,400,100,200,0,4,237,SAR-21,0.398,0.016,151980,38857,40939,637
012 日常（82式）,400,400,100,200,0,4,262,EM-2,0.437,0.016,151980,38857,40939,699
012 日常（82式）,400,400,100,200,0,4,286,KAC-PDW,1.412,0.029,151980,38857,40939,2261
012 日常（82式）,400,400,100,200,0,4,288,CR-21,0.406,0.016,151980,38857,40939,650
012 日常（82式）,400,400,100,200,0,4,304,SAF,1.426,0.029,151980,38857,40939,2284
012 日常（82式）,400,400,100,200,0,4,328,AR-57,0.992,0.024,151980,38857,40939,1588
012 日常（82式）,400,400,100,200,0,4,330,FX-05,0.410,0.016,151980,38857,40939,657
012 日常（82式）,400,400,100,200,0,4,336,PPD-40,1.012,0.025,151980,38857,40939,1620
012 日常（82式）,400,400,100,200,0,4,349,AK74M,0.404,0.016,151980,38857,40939,647
012 日常（82式）,400,400,100,200,0,4,355,维涅龙M2,1.411,0.029,151980,38857,40939,2259
012 日常（82式）,400,400,100,200,0,4,363,MPL,1.438,0.029,151980,38857,40939,2302
012 日常（82式）,400,400,100,200,0,4,364,MPK,1.460,0.029,151980,38857,40939,2338
012 日常（82式）,400,400,100,200,0,4,380,APC9K,1.436,0.029,151980,38857,40939,2300
012 日常（82式）,400,400,100,200,0,4,382,MSBS,0.423,0.016,151980,38857,40939,678
012 日常（82式）,400,400,100,200,0,4,392,欧文,1.416,0.029,151980,38857,40939,2268
012 日常（82式）,400,400,100,200,0,4,394,CM901,0.406,0.016,151980,38857,40939,650
012 日常（82式）,400,400,100,200,0,5,16,汤姆森,0.717,0.020,151980,10651,11206,1146
012 日常（82式）,400,400,100,200,0,5,20,维克托,0.617,0.019,151980,10651,11206,987
012 日常（82式）,400,400,100,200,0,5,65,HK416,0.141,0.009,151980,10651,11206,226
012 日常（82式）,400,400,100,200,0,5,104,G36C,0.452,0.016,151980,10651,11206,722
012 日常（82式）,400,400,100,200,0,5,115,索米,0.442,0.016,151980,10651,11206,707
012 日常（82式）,400,400,100,200,0,5,122,G11,0.091,0.008,151980,10651,11206,146
012 日常（82式）,400,400,100,200,0,5,127,79式,0.620,0.019,151980,10651,11206,991
012 日常（82式）,400,400,100,200,0,5,135,SR-3MP,0.438,0.016,151980,10651,11206,700
012 日常（82式）,400,400,100,200,0,5,213,C-MS,0.253,0.012,151980,10651,11206,405
012 日常（82式）,400,400,100,200,0,5,228,樱花,0.609,0.019,151980,10651,11206,974
012 日常（82式）,400,400,100,200,0,5,245,P90,0.258,0.012,151980,10651,11206,412
012 日常（82式）,400,400,100,200,0,5,338,SIG MCX,0.216,0.011,151980,10651,11206,345
012 日常（82式）,400,400,100,200,0,5,347,SR-2,0.593,0.018,151980,10651,11206,948
012 日常（82式）,400,400,100,200,0,5,356,A-545,0.164,0.010,151980,10651,11206,262
012 日常（82式）,400,400,100,200,0,5,365,SCR,0.156,0.010,151980,10651,11206,249
012 日常（82式）,400,400,100,200,0,5,376,Erma,0.289,0.013,151980,10651,11206,462
012 日常（82式）,400,400,100,200,0,5,378,SCAR-L,0.086,0.007,151980,10651,11206,138
012 日常（82式）,400,400,100,200,0,5,390,HK433,0.135,0.009,151980,10651,11206,216
012 日常（82式）,400,400,100,200,0,5,391,82式,0.619,0.019,151980,10651,11206,989
012 日常（82式）,400,400,100,200,0,5,393,贝奥武夫,0.113,0.008,151980,10651,11206,181
012 日常（82式）,400,400,400,200,0,2,17,M3,1.905,0.057,55772,26334,26640,1075
012 日常（82式）,400,400,400,200,0,2,21,PPSh-41,1.021,0.042,55772,26334,26640,576
012 日常（82式）,400,400,400,200,0,2,24,PP-2000,1.804,0.056,55772,26334,26640,1018
012 日常（82式）,400,400,400,200,0,2,25,MP40,1.891,0.057,55772,26334,26640,1067
012 日常（82式）,400,400,400,200,0,2,31,伯莱塔38型,1.877,0.057,55772,26334,26640,1059
012 日常（82式）,400,400,400,200,0,2,33,m45,1.911,0.057,55772,26334,26640,1078
012 日常（82式）,400,400,400,200,0,2,40,SVT-38,3.346,0.074,55772,26334,26640,1888
012 日常（82式）,400,400,400,200,0,2,41,西蒙诺夫,3.405,0.075,55772,26334,26640,1921
012 日常（82式）,400,400,400,200,0,2,47,G43,3.298,0.074,55772,26334,26640,1861
012 日常（82式）,400,400,400,200,0,2,51,FN-49,3.192,0.073,55772,26334,26640,1801
012 日常（82式）,400,400,400,200,0,2,52,BM59,3.283,0.074,55772,26334,26640,1852
012 日常（82式）,400,400,400,200,0,2,63,G3,2.586,0.066,55772,26334,26640,1459
012 日常（82式）,400,400,400,200,0,2,68,L85A1,2.630,0.066,55772,26334,26640,1484
012 日常（82式）,400,400,400,200,0,2,71,加利尔,2.712,0.067,55772,26334,26640,1530
012 日常（82式）,400,400,400,200,0,2,74,SIG-510,2.666,0.067,55772,26334,26640,1504
012 日常（82式）,400,400,400,200,0,2,92,幽灵M4,1.831,0.056,55772,26334,26640,1033
012 日常（82式）,400,400,400,200,0,2,93,IDW,1.815,0.056,55772,26334,26640,1024
012 日常（82式）,400,400,400,200,0,2,94,64式,1.774,0.055,55772,26334,26640,1001
012 日常（82式）,400,400,400,200,0,2,107,F2000,2.738,0.068,55772,26334,26640,1545
012 日常（82式）,400,400,400,200,0,2,133,63式,1.531,0.051,55772,26334,26640,864
012 日常（82式）,400,400,400,200,0,3,18,MAC-10,1.428,0.048,55772,10544,10753,812
012 日常（82式）,400,400,400,200,0,3,22,PPS-43,0.703,0.035,55772,10544,10753,400
012 日常（82式）,400,400,400,200,0,3,27,蝎式,1.382,0.048,55772,10544,10753,786
012 日常（82式）,400,400,400,200,0,3,29,司登MkⅡ,1.421,0.048,55772,10544,10753,808
012 日常（82式）,400,400,400,200,0,3,32,微型乌兹,1.345,0.047,55772,10544,10753,765
012 日常（82式）,400,400,400,200,0,3,34,M1加兰德,2.066,0.057,55772,10544,10753,1175
012 日常（82式）,400,400,400,200,0,3,37,M14,2.073,0.057,55772,10544,10753,1179
012 日常（82式）,400,400,400,200,0,3,44,SV-98,2.163,0.058,55772,10544,10753,1230
012 日常（82式）,400,400,400,200,0,3,58,AK-47,1.640,0.051,55772,10544,10753,933
012 日常（82式）,400,400,400,200,0,3,61,StG44,1.734,0.053,55772,10544,10753,986
012 日常（82式）,400,400,400,200,0,3,70,FNC,1.598,0.051,55772,10544,10753,909
012 日常（82式）,400,400,400,200,0,3,95,汉阳造88式,0.522,0.030,55772,10544,10753,297
012 日常（82式）,400,400,400,200,0,3,105,OTs-12,0.832,0.037,55772,10544,10753,473
012 日常（82式）,400,400,400,200,0,4,23,PP-90,0.420,0.027,55772,12448,12747,240
012 日常（82式）,400,400,400,200,0,4,26,MP5,0.765,0.036,55772,12448,12747,437
012 日常（82式）,400,400,400,200,0,4,36,春田,0.839,0.038,55772,12448,12747,479
012 日常（82式）,400,400,400,200,0,4,39,莫辛-纳甘,0.895,0.039,55772,12448,12747,511
012 日常（82式）,400,400,400,200,0,4,42,PTRD,0.616,0.032,55772,12448,12747,352
012 日常（82式）,400,400,400,200,0,4,43,SVD,0.256,0.021,55772,12448,12747,146
012 日常（82式）,400,400,400,200,0,4,60,AS Val,0.510,0.030,55772,12448,12747,291
012 日常（82式）,400,400,400,200,0,4,64,G36,0.275,0.022,55772,12448,12747,157
012 日常（82式）,400,400,400,200,0,4,66,56-1式,0.601,0.032,55772,12448,12747,343
012 日常（82式）,400,400,400,200,0,4,69,FAMAS,0.566,0.031,55772,12448,12747,323
012 日常（82式）,400,400,400,200,0,4,72,TAR-21,0.410,0.027,55772,12448,12747,234
012 日常（82式）,400,400,400,200,0,4,101,UMP9,0.599,0.032,55772,12448,12747,342
012 日常（82式）,400,400,400,200,0,4,103,UMP45,0.630,0.033,55772,12448,12747,360
012 日常（82式）,400,400,400,200,0,4,118,9A-91,0.576,0.031,55772,12448,12747,329
012 日常（82式）,400,400,400,200,0,4,137,PP-19-01,0.569,0.031,55772,12448,12747,325
012 日常（82式）,400,400,400,200,0,4,150,希普卡,0.613,0.032,55772,12448,12747,350
012 日常（82式）,400,400,400,200,0,4,171,利贝罗勒,0.392,0.026,55772,12448,12747,224
012 日常（82式）,400,400,400,200,0,4,184,T-5000,0.611,0.032,55772,12448,12747,349
012 日常（82式）,400,400,400,200,0,4,216,XM8,0.538,0.030,55772,12448,12747,307
012 日常（82式）,400,400,400,200,0,4,235,SPR A3G,0.839,0.038,55772,12448,12747,479
012 日常（82式）,400,400,400,200,0,4,237,SAR-21,0.604,0.032,55772,12448,12747,345
012 日常（82式）,400,400,400,200,0,4,247,K31,0.452,0.028,55772,12448,12747,258
012 日常（82式）,400,400,400,200,0,4,262,EM-2,0.553,0.031,55772,12448,12747,316
012 日常（82式）,400,400,400,200,0,4,270,四式,0.665,0.034,55772,12448,12747,380
012 日常（82式）,400,400,400,200,0,4,286,KAC-PDW,0.629,0.033,55772,12448,12747,359
012 日常（82式）,400,400,400,200,0,4,288,CR-21,0.571,0.031,55772,12448,12747,326
012 日常（82式）,400,400,400,200,0,4,304,SAF,0.613,0.032,55772,12448,12747,350
012 日常（82式）,400,400,400,200,0,4,305,塔布克,0.637,0.033,55772,12448,12747,364
012 日常（82式）,400,400,400,200,0,4,328,AR-57,0.410,0.027,55772,12448,12747,234
012 日常（82式）,400,400,400,200,0,4,330,FX-05,0.578,0.031,55772,12448,12747,330
012 日常（82式）,400,400,400,200,0,4,336,PPD-40,0.389,0.026,55772,12448,12747,222
012 日常（82式）,400,400,400,200,0,4,349,AK74M,0.597,0.032,55772,12448,12747,341
012 日常（82式）,400,400,400,200,0,4,355,维涅龙M2,0.630,0.033,55772,12448,12747,360
012 日常（82式）,400,400,400,200,0,4,363,MPL,0.592,0.032,55772,12448,12747,338
012 日常（82式）,400,400,400,200,0,4,364,MPK,0.609,0.032,55772,12448,12747,348
012 日常（82式）,400,400,400,200,0,4,380,APC9K,0.629,0.033,55772,12448,12747,359
012 日常（82式）,400,400,400,200,0,4,382,MSBS,0.539,0.030,55772,12448,12747,308
012 日常（82式）,400,400,400,200,0,4,392,欧文,0.606,0.032,55772,12448,12747,346
012 日常（82式）,400,400,400,200,0,4,394,CM901,0.499,0.029,55772,12448,12747,285
012 日常（82式）,400,400,400,200,0,5,16,汤姆森,0.281,0.022,55772,6446,6626,161
012 日常（82式）,400,400,400,200,0,5,20,维克托,0.283,0.022,55772,6446,6626,162
012 日常（82式）,400,400,400,200,0,5,46,Kar98k,0.204,0.019,55772,6446,6626,117
012 日常（82式）,400,400,400,200,0,5,48,WA2000,0.277,0.022,55772,6446,6626,159
012 日常（82式）,400,400,400,200,0,5,50,李-恩菲尔德,0.230,0.020,55772,6446,6626,132
012 日常（82式）,400,400,400,200,0,5,53,NTW-20,0.304,0.023,55772,6446,6626,174
012 日常（82式）,400,400,400,200,0,5,62,G41,0.213,0.019,55772,6446,6626,122
012 日常（82式）,400,400,400,200,0,5,65,HK416,0.227,0.020,55772,6446,6626,130
012 日常（82式）,400,400,400,200,0,5,104,G36C,0.164,0.017,55772,6446,6626,94
012 日常（82式）,400,400,400,200,0,5,106,FAL,0.197,0.018,55772,6446,6626,113
012 日常（82式）,400,400,400,200,0,5,115,索米,0.201,0.019,55772,6446,6626,115
012 日常（82式）,400,400,400,200,0,5,122,G11,0.131,0.015,55772,6446,6626,75
012 日常（82式）,400,400,400,200,0,5,127,79式,0.248,0.021,55772,6446,6626,142
012 日常（82式）,400,400,400,200,0,5,128,M99,0.134,0.015,55772,6446,6626,77
012 日常（82式）,400,400,400,200,0,5,129,95式,0.143,0.016,55772,6446,6626,82
012 日常（82式）,400,400,400,200,0,5,130,97式,0.131,0.015,55772,6446,6626,75
012 日常（82式）,400,400,400,200,0,5,135,SR-3MP,0.216,0.019,55772,6446,6626,124
012 日常（82式）,400,400,400,200,0,5,148,IWS 2000,0.126,0.015,55772,6446,6626,72
012 日常（82式）,400,400,400,200,0,5,172,RFB,0.120,0.014,55772,6446,6626,69
012 日常（82式）,400,400,400,200,0,5,181,T91,0.173,0.017,55772,6446,6626,99
012 日常（82式）,400,400,400,200,0,5,194,K2,0.166,0.017,55772,6446,6626,95
012 日常（82式）,400,400,400,200,0,5,196,Zas M21,0.222,0.019,55772,6446,6626,127
012 日常（82式）,400,400,400,200,0,5,197,卡尔卡诺M1891,0.220,0.019,55772,6446,6626,126
012 日常（82式）,400,400,400,200,0,5,198,卡尔卡诺M91/38,0.145,0.016,55772,6446,6626,83
012 日常（82式）,400,400,400,200,0,5,205,AN-94,0.133,0.015,55772,6446,6626,76
012 日常（82式）,400,400,400,200,0,5,206,AK-12,0.147,0.016,55772,6446,6626,84
012 日常（82式）,400,400,400,200,0,5,213,C-MS,0.105,0.013,55772,6446,6626,60
012 日常（82式）,400,400,400,200,0,5,214,ADS,0.167,0.017,55772,6446,6626,96
012 日常（82式）,400,400,400,200,0,5,215,MDR,0.140,0.016,55772,6446,6626,80
012 日常（82式）,400,400,400,200,0,5,228,樱花,0.286,0.022,55772,6446,6626,164
012 日常（82式）,400,400,400,200,0,5,236,K11,0.255,0.021,55772,6446,6626,146
012 日常（82式）,400,400,400,200,0,5,243,64式自,0.194,0.018,55772,6446,6626,111
012 日常（82式）,400,400,400,200,0,5,245,P90,0.124,0.015,55772,6446,6626,71
012 日常（82式）,400,400,400,200,0,5,257,M200,0.283,0.022,55772,6446,6626,162
012 日常（82式）,400,400,400,200,0,5,261,QBU-88,0.297,0.022,55772,6446,6626,170
012 日常（82式）,400,400,400,200,0,5,287,SIG-556,0.199,0.018,55772,6446,6626,114
012 日常（82式）,400,400,400,200,0,5,290,89式自,0.129,0.015,55772,6446,6626,74
012 日常（82式）,400,400,400,200,0,5,293,AK-15,0.143,0.016,55772,6446,6626,82
012 日常（82式）,400,400,400,200,0,5,306,AK-阿尔法,0.153,0.016,55772,6446,6626,88
012 日常（82式）,400,400,400,200,0,5,312,VSK-94,0.223,0.020,55772,6446,6626,128
012 日常（82式）,400,400,400,200,0,5,313,S-ACR,0.187,0.018,55772,6446,6626,107
012 日常（82式）,400,400,400,200,0,5,329,SVCh,0.237,0.020,55772,6446,6626,136
012 日常（82式）,400,400,400,200,0,5,337,德利尔,0.220,0.019,55772,6446,6626,126
012 日常（82式）,400,400,400,200,0,5,338,SIG MCX,0.288,0.022,55772,6446,6626,165
012 日常（82式）,400,400,400,200,0,5,347,SR-2,0.263,0.021,55772,6446,6626,151
012 日常（82式）,400,400,400,200,0,5,348,HS.50,0.305,0.023,55772,6446,6626,175
012 日常（82式）,400,400,400,200,0,5,356,A-545,0.180,0.018,55772,6446,6626,103
012 日常（82式）,400,400,400,200,0,5,365,SCR,0.192,0.018,55772,6446,6626,110
012 日常（82式）,400,400,400,200,0,5,376,Erma,0.166,0.017,55772,6446,6626,95
012 日常（82式）,400,400,400,200,0,5,377,SCAR-H,0.211,0.019,55772,6446,6626,121
012 日常（82式）,400,400,400,200,0,5,378,SCAR-L,0.126,0.015,55772,6446,6626,72
012 日常（82式）,400,400,400,200,0,5,381,M110,0.295,0.022,55772,6446,6626,169
012 日常（82式）,400,400,400,200,0,5,388,QBU-191,0.338,0.024,55772,6446,6626,194
012 日常（82式）,400,400,400,200,0,5,389,博斯,0.241,0.020,55772,6446,6626,138
012 日常（82式）,400,400,400,200,0,5,390,HK433,0.197,0.018,55772,6446,6626,113
012 日常（82式）,400,400,400,200,0,5,391,82式,0.256,0.021,55772,6446,6626,147
012 日常（82式）,400,400,400,200,0,5,393,贝奥武夫,0.127,0.015,55772,6446,6626,73
012 日常（82式）,404,404,94,32,0,2,17,M3,4.102,0.252,5886,2806,2847,245
012 日常（82式）,404,404,94,32,0,2,21,PPSh-41,2.194,0.188,5886,2806,2847,131
012 日常（82式）,404,404,94,32,0,2,24,PP-2000,4.220,0.255,5886,2806,2847,252
012 日常（82式）,404,404,94,32,0,2,25,MP40,4.555,0.264,5886,2806,2847,272
012 日常（82式）,404,404,94,32,0,2,31,伯莱塔38型,4.287,0.257,5886,2806,2847,256
012 日常（82式）,404,404,94,32,0,2,33,m45,4.270,0.256,5886,2806,2847,255
012 日常（82式）,404,404,94,32,0,2,63,G3,1.842,0.173,5886,2806,2847,110
012 日常（82式）,404,404,94,32,0,2,68,L85A1,1.842,0.173,5886,2806,2847,110
012 日常（82式）,404,404,94,32,0,2,71,加利尔,2.244,0.190,5886,2806,2847,134
012 日常（82式）,404,404,94,32,0,2,74,SIG-510,1.976,0.179,5886,2806,2847,118
012 日常（82式）,404,404,94,32,0,2,92,幽灵M4,4.236,0.255,5886,2806,2847,253
012 日常（82式）,404,404,94,32,0,2,93,IDW,4.370,0.259,5886,2806,2847,261
012 日常（82式）,404,404,94,32,0,2,94,64式,4.220,0.255,5886,2806,2847,252
012 日常（82式）,404,404,94,32,0,2,107,F2000,2.110,0.185,5886,2806,2847,126
012 日常（82式）,404,404,94,32,0,2,133,63式,1.206,0.141,5886,2806,2847,72
012 日常（82式）,404,404,94,32,0,3,18,MAC-10,3.110,0.211,5886,1184,1203,186
012 日常（82式）,404,404,94,32,0,3,22,PPS-43,2.057,0.177,5886,1184,1203,123
012 日常（82式）,404,404,94,32,0,3,27,蝎式,3.378,0.218,5886,1184,1203,202
012 日常（82式）,404,404,94,32,0,3,29,司登MkⅡ,3.361,0.217,5886,1184,1203,201
012 日常（82式）,404,404,94,32,0,3,32,微型乌兹,3.328,0.217,5886,1184,1203,199
012 日常（82式）,404,404,94,32,0,3,58,AK-47,1.589,0.157,5886,1184,1203,95
012 日常（82式）,404,404,94,32,0,3,61,StG44,1.321,0.144,5886,1184,1203,79
012 日常（82式）,404,404,94,32,0,3,70,FNC,1.338,0.145,5886,1184,1203,80
012 日常（82式）,404,404,94,32,0,3,105,OTs-12,0.635,0.102,5886,1184,1203,38
012 日常（82式）,404,404,94,32,0,4,23,PP-90,0.833,0.115,5886,1534,1595,51
012 日常（82式）,404,404,94,32,0,4,26,MP5,1.895,0.170,5886,1534,1595,116
012 日常（82式）,404,404,94,32,0,4,60,AS Val,0.441,0.085,5886,1534,1595,27
012 日常（82式）,404,404,94,32,0,4,66,56-1式,0.572,0.096,5886,1534,1595,35
012 日常（82式）,404,404,94,32,0,4,69,FAMAS,0.458,0.086,5886,1534,1595,28
012 日常（82式）,404,404,94,32,0,4,101,UMP9,1.373,0.146,5886,1534,1595,84
012 日常（82式）,404,404,94,32,0,4,103,UMP45,1.454,0.151,5886,1534,1595,89
012 日常（82式）,404,404,94,32,0,4,118,9A-91,0.523,0.092,5886,1534,1595,32
012 日常（82式）,404,404,94,32,0,4,137,PP-19-01,1.454,0.151,5886,1534,1595,89
012 日常（82式）,404,404,94,32,0,4,150,希普卡,1.291,0.142,5886,1534,1595,79
012 日常（82式）,404,404,94,32,0,4,216,XM8,0.507,0.091,5886,1534,1595,31
012 日常（82式）,404,404,94,32,0,4,237,SAR-21,0.572,0.096,5886,1534,1595,35
012 日常（82式）,404,404,94,32,0,4,262,EM-2,0.474,0.088,5886,1534,1595,29
012 日常（82式）,404,404,94,32,0,4,286,KAC-PDW,1.405,0.148,5886,1534,1595,86
012 日常（82式）,404,404,94,32,0,4,288,CR-21,0.588,0.097,5886,1534,1595,36
012 日常（82式）,404,404,94,32,0,4,304,SAF,1.307,0.143,5886,1534,1595,80
012 日常（82式）,404,404,94,32,0,4,328,AR-57,1.111,0.132,5886,1534,1595,68
012 日常（82式）,404,404,94,32,0,4,330,FX-05,0.507,0.091,5886,1534,1595,31
012 日常（82式）,404,404,94,32,0,4,336,PPD-40,1.013,0.127,5886,1534,1595,62
012 日常（82式）,404,404,94,32,0,4,349,AK74M,0.408,0.081,5886,1534,1595,25
012 日常（82式）,404,404,94,32,0,4,355,维涅龙M2,1.324,0.144,5886,1534,1595,81
012 日常（82式）,404,404,94,32,0,4,363,MPL,1.242,0.140,5886,1534,1595,76
012 日常（82式）,404,404,94,32,0,4,364,MPK,1.471,0.151,5886,1534,1595,90
012 日常（82式）,404,404,94,32,0,4,380,APC9K,1.536,0.154,5886,1534,1595,94
012 日常（82式）,404,404,94,32,0,4,382,MSBS,0.425,0.083,5886,1534,1595,26
012 日常（82式）,404,404,94,32,0,4,392,欧文,1.487,0.152,5886,1534,1595,91
012 日常（82式）,404,404,94,32,0,4,394,CM901,0.392,0.080,5886,1534,1595,24
012 日常（82式）,404,404,94,32,0,5,16,汤姆森,0.572,0.092,5886,362,376,35
012 日常（82式）,404,404,94,32,0,5,20,维克托,0.458,0.083,5886,362,376,28
012 日常（82式）,404,404,94,32,0,5,65,HK416,0.196,0.056,5886,362,376,12
012 日常（82式）,404,404,94,32,0,5,104,G36C,0.442,0.082,5886,362,376,27
012 日常（82式）,404,404,94,32,0,5,115,索米,0.343,0.073,5886,362,376,21
012 日常（82式）,404,404,94,32,0,5,122,G11,0.098,0.040,5886,362,376,6
012 日常（82式）,404,404,94,32,0,5,127,79式,0.442,0.082,5886,362,376,27
012 日常（82式）,404,404,94,32,0,5,135,SR-3MP,0.442,0.082,5886,362,376,27
012 日常（82式）,404,404,94,32,0,5,213,C-MS,0.262,0.064,5886,362,376,16
012 日常（82式）,404,404,94,32,0,5,228,樱花,0.409,0.079,5886,362,376,25
012 日常（82式）,404,404,94,32,0,5,245,P90,0.196,0.056,5886,362,376,12
012 日常（82式）,404,404,94,32,0,5,338,SIG MCX,0.196,0.056,5886,362,376,12
012 日常（82式）,404,404,94,32,0,5,347,SR-2,0.425,0.081,5886,362,376,26
012 日常（82式）,404,404,94,32,0,5,356,A-545,0.213,0.058,5886,362,376,13
012 日常（82式）,404,404,94,32,0,5,365,SCR,0.164,0.051,5886,362,376,10
012 日常（82式）,404,404,94,32,0,5,376,Erma,0.311,0.070,5886,362,376,19
012 日常（82式）,404,404,94,32,0,5,378,SCAR-L,0.033,0.023,5886,362,376,2
012 日常（82式）,404,404,94,32,0,5,390,HK433,0.180,0.054,5886,362,376,11
012 日常（82式）,404,404,94,32,0,5,391,82式,0.654,0.098,5886,362,376,40
012 日常（82式）,404,404,94,32,0,5,393,贝奥武夫,0.114,0.043,5886,362,376,7
012 日常（82式）,430,430,430,230,0,2,17,M3,1.907,0.070,36921,17530,17725,712
012 日常（82式）,430,430,430,230,0,2,21,PPSh-41,0.978,0.051,36921,17530,17725,365
012 日常（82式）,430,430,430,230,0,2,24,PP-2000,1.773,0.068,36921,17530,17725,662
012 日常（82式）,430,430,430,230,0,2,25,MP40,1.811,0.068,36921,17530,17725,676
012 日常（82式）,430,430,430,230,0,2,31,伯莱塔38型,1.779,0.068,36921,17530,17725,664
012 日常（82式）,430,430,430,230,0,2,33,m45,1.693,0.066,36921,17530,17725,632
012 日常（82式）,430,430,430,230,0,2,40,SVT-38,3.383,0.092,36921,17530,17725,1263
012 日常（82式）,430,430,430,230,0,2,41,西蒙诺夫,3.442,0.093,36921,17530,17725,1285
012 日常（82式）,430,430,430,230,0,2,47,G43,3.426,0.092,36921,17530,17725,1279
012 日常（82式）,430,430,430,230,0,2,51,FN-49,3.394,0.092,36921,17530,17725,1267
012 日常（82式）,430,430,430,230,0,2,52,BM59,3.528,0.094,36921,17530,17725,1317
012 日常（82式）,430,430,430,230,0,2,63,G3,2.722,0.083,36921,17530,17725,1016
012 日常（82式）,430,430,430,230,0,2,68,L85A1,2.756,0.084,36921,17530,17725,1029
012 日常（82式）,430,430,430,230,0,2,71,加利尔,2.620,0.082,36921,17530,17725,978
012 日常（82式）,430,430,430,230,0,2,74,SIG-510,2.655,0.082,36921,17530,17725,991
012 日常（82式）,430,430,430,230,0,2,92,幽灵M4,1.773,0.068,36921,17530,17725,662
012 日常（82式）,430,430,430,230,0,2,93,IDW,1.931,0.071,36921,17530,17725,721
012 日常（82式）,430,430,430,230,0,2,94,64式,1.803,0.068,36921,17530,17725,673
012 日常（82式）,430,430,430,230,0,2,107,F2000,2.617,0.082,36921,17530,17725,977
012 日常（82式）,430,430,430,230,0,2,133,63式,1.489,0.062,36921,17530,17725,556
012 日常（82式）,430,430,430,230,0,3,18,MAC-10,1.356,0.058,36921,7170,7331,512
012 日常（82式）,430,430,430,230,0,3,22,PPS-43,0.789,0.045,36921,7170,7331,298
012 日常（82式）,430,430,430,230,0,3,27,蝎式,1.468,0.060,36921,7170,7331,554
012 日常（82式）,430,430,430,230,0,3,29,司登MkⅡ,1.608,0.063,36921,7170,7331,607
012 日常（82式）,430,430,430,230,0,3,32,微型乌兹,1.454,0.060,36921,7170,7331,549
012 日常（82式）,430,430,430,230,0,3,34,M1加兰德,2.024,0.069,36921,7170,7331,764
012 日常（82式）,430,430,430,230,0,3,37,M14,2.151,0.071,36921,7170,7331,812
012 日常（82式）,430,430,430,230,0,3,44,SV-98,2.172,0.072,36921,7170,7331,820
012 日常（82式）,430,430,430,230,0,3,58,AK-47,1.764,0.065,36921,7170,7331,666
012 日常（82式）,430,430,430,230,0,3,61,StG44,1.698,0.064,36921,7170,7331,641
012 日常（82式）,430,430,430,230,0,3,70,FNC,1.592,0.062,36921,7170,7331,601
012 日常（82式）,430,430,430,230,0,3,95,汉阳造88式,0.426,0.033,36921,7170,7331,161
012 日常（82式）,430,430,430,230,0,3,105,OTs-12,0.917,0.048,36921,7170,7331,346
012 日常（82式）,430,430,430,230,0,4,23,PP-90,0.409,0.033,36921,8093,8351,156
012 日常（82式）,430,430,430,230,0,4,26,MP5,0.703,0.042,36921,8093,8351,268
012 日常（82式）,430,430,430,230,0,4,36,春田,0.790,0.045,36921,8093,8351,301
012 日常（82式）,430,430,430,230,0,4,39,莫辛-纳甘,0.769,0.044,36921,8093,8351,293
012 日常（82式）,430,430,430,230,0,4,42,PTRD,0.585,0.039,36921,8093,8351,223
012 日常（82式）,430,430,430,230,0,4,43,SVD,0.304,0.028,36921,8093,8351,116
012 日常（82式）,430,430,430,230,0,4,60,AS Val,0.512,0.036,36921,8093,8351,195
012 日常（82式）,430,430,430,230,0,4,64,G36,0.234,0.025,36921,8093,8351,89
012 日常（82式）,430,430,430,230,0,4,66,56-1式,0.535,0.037,36921,8093,8351,204
012 日常（82式）,430,430,430,230,0,4,69,FAMAS,0.612,0.040,36921,8093,8351,233
012 日常（82式）,430,430,430,230,0,4,72,TAR-21,0.386,0.032,36921,8093,8351,147
012 日常（82式）,430,430,430,230,0,4,101,UMP9,0.635,0.040,36921,8093,8351,242
012 日常（82式）,430,430,430,230,0,4,103,UMP45,0.627,0.040,36921,8093,8351,239
012 日常（82式）,430,430,430,230,0,4,118,9A-91,0.559,0.038,36921,8093,8351,213
012 日常（82式）,430,430,430,230,0,4,137,PP-19-01,0.612,0.040,36921,8093,8351,233
012 日常（82式）,430,430,430,230,0,4,150,希普卡,0.669,0.041,36921,8093,8351,255
012 日常（82式）,430,430,430,230,0,4,171,利贝罗勒,0.370,0.031,36921,8093,8351,141
012 日常（82式）,430,430,430,230,0,4,184,T-5000,0.677,0.042,36921,8093,8351,258
012 日常（82式）,430,430,430,230,0,4,216,XM8,0.486,0.035,36921,8093,8351,185
012 日常（82式）,430,430,430,230,0,4,235,SPR A3G,0.908,0.048,36921,8093,8351,346
012 日常（82式）,430,430,430,230,0,4,237,SAR-21,0.533,0.037,36921,8093,8351,203
012 日常（82式）,430,430,430,230,0,4,247,K31,0.420,0.033,36921,8093,8351,160
012 日常（82式）,430,430,430,230,0,4,262,EM-2,0.488,0.035,36921,8093,8351,186
012 日常（82式）,430,430,430,230,0,4,270,四式,0.619,0.040,36921,8093,8351,236
012 日常（82式）,430,430,430,230,0,4,286,KAC-PDW,0.648,0.041,36921,8093,8351,247
012 日常（82式）,430,430,430,230,0,4,288,CR-21,0.522,0.037,36921,8093,8351,199
012 日常（82式）,430,430,430,230,0,4,304,SAF,0.617,0.040,36921,8093,8351,235
012 日常（82式）,430,430,430,230,0,4,305,塔布克,0.651,0.041,36921,8093,8351,248
012 日常（82式）,430,430,430,230,0,4,328,AR-57,0.449,0.034,36921,8093,8351,171
012 日常（82式）,430,430,430,230,0,4,330,FX-05,0.541,0.037,36921,8093,8351,206
012 日常（82式）,430,430,430,230,0,4,336,PPD-40,0.388,0.032,36921,8093,8351,148
012 日常（82式）,430,430,430,230,0,4,349,AK74M,0.564,0.038,36921,8093,8351,215
012 日常（82式）,430,430,430,230,0,4,355,维涅龙M2,0.622,0.040,36921,8093,8351,237
012 日常（82式）,430,430,430,230,0,4,363,MPL,0.619,0.040,36921,8093,8351,236
012 日常（82式）,430,430,430,230,0,4,364,MPK,0.619,0.040,36921,8093,8351,236
012 日常（82式）,430,430,430,230,0,4,380,APC9K,0.635,0.040,36921,8093,8351,242
012 日常（82式）,430,430,430,230,0,4,382,MSBS,0.509,0.036,36921,8093,8351,194
012 日常（82式）,430,430,430,230,0,4,392,欧文,0.601,0.039,36921,8093,8351,229
012 日常（82式）,430,430,430,230,0,4,394,CM901,0.488,0.035,36921,8093,8351,186
012 日常（82式）,430,430,430,230,0,5,16,汤姆森,0.285,0.027,36921,4128,4272,109
012 日常（82式）,430,430,430,230,0,5,20,维克托,0.241,0.025,36921,4128,4272,92
012 日常（82式）,430,430,430,230,0,5,46,Kar98k,0.249,0.025,36921,4128,4272,95
012 日常（82式）,430,430,430,230,0,5,48,WA2000,0.296,0.027,36921,4128,4272,113
012 日常（82式）,430,430,430,230,0,5,50,李-恩菲尔德,0.181,0.022,36921,4128,4272,69
012 日常（82式）,430,430,430,230,0,5,53,NTW-20,0.306,0.028,36921,4128,4272,117
012 日常（82式）,430,430,430,230,0,5,62,G41,0.194,0.022,36921,4128,4272,74
012 日常（82式）,430,430,430,230,0,5,65,HK416,0.230,0.024,36921,4128,4272,88
012 日常（82式）,430,430,430,230,0,5,104,G36C,0.173,0.021,36921,4128,4272,66
012 日常（82式）,430,430,430,230,0,5,106,FAL,0.173,0.021,36921,4128,4272,66
012 日常（82式）,430,430,430,230,0,5,115,索米,0.202,0.023,36921,4128,4272,77
012 日常（82式）,430,430,430,230,0,5,122,G11,0.094,0.016,36921,4128,4272,36
012 日常（82式）,430,430,430,230,0,5,127,79式,0.225,0.024,36921,4128,4272,86
012 日常（82式）,430,430,430,230,0,5,128,M99,0.113,0.017,36921,4128,4272,43
012 日常（82式）,430,430,430,230,0,5,129,95式,0.170,0.021,36921,4128,4272,65
012 日常（82式）,430,430,430,230,0,5,130,97式,0.136,0.019,36921,4128,4272,52
012 日常（82式）,430,430,430,230,0,5,135,SR-3MP,0.173,0.021,36921,4128,4272,66
012 日常（82式）,430,430,430,230,0,5,148,IWS 2000,0.123,0.018,36921,4128,4272,47
012 日常（82式）,430,430,430,230,0,5,172,RFB,0.115,0.017,36921,4128,4272,44
012 日常（82式）,430,430,430,230,0,5,181,T91,0.207,0.023,36921,4128,4272,79
012 日常（82式）,430,430,430,230,0,5,194,K2,0.160,0.020,36921,4128,4272,61
012 日常（82式）,430,430,430,230,0,5,196,Zas M21,0.191,0.022,36921,4128,4272,73
012 日常（82式）,430,430,430,230,0,5,197,卡尔卡诺M1891,0.249,0.025,36921,4128,4272,95
012 日常（82式）,430,430,430,230,0,5,198,卡尔卡诺M91/38,0.139,0.019,36921,4128,4272,53
012 日常（82式）,430,430,430,230,0,5,205,AN-94,0.133,0.019,36921,4128,4272,51
012 日常（82式）,430,430,430,230,0,5,206,AK-12,0.118,0.017,36921,4128,4272,45
012 日常（82式）,430,430,430,230,0,5,213,C-MS,0.092,0.015,36921,4128,4272,35
012 日常（82式）,430,430,430,230,0,5,214,ADS,0.175,0.021,36921,4128,4272,67
012 日常（82式）,430,430,430,230,0,5,215,MDR,0.160,0.020,36921,4128,4272,61
012 日常（82式）,430,430,430,230,0,5,228,樱花,0.249,0.025,36921,4128,4272,95
012 日常（82式）,430,430,430,230,0,5,236,K11,0.225,0.024,36921,4128,4272,86
012 日常（82式）,430,430,430,230,0,5,243,64式自,0.215,0.024,36921,4128,4272,82
012 日常（82式）,430,430,430,230,0,5,245,P90,0.092,0.015,36921,4128,4272,35
012 日常（82式）,430,430,430,230,0,5,257,M200,0.296,0.027,36921,4128,4272,113
012 日常（82式）,430,430,430,230,0,5,261,QBU-88,0.288,0.027,36921,4128,4272,110
012 日常（82式）,430,430,430,230,0,5,287,SIG-556,0.160,0.020,36921,4128,4272,61
012 日常（82式）,430,430,430,230,0,5,290,89式自,0.110,0.017,36921,4128,4272,42
012 日常（82式）,430,430,430,230,0,5,293,AK-15,0.162,0.020,36921,4128,4272,62
012 日常（82式）,430,430,430,230,0,5,306,AK-阿尔法,0.175,0.021,36921,4128,4272,67
012 日常（82式）,430,430,430,230,0,5,312,VSK-94,0.228,0.024,36921,4128,4272,87
012 日常（82式）,430,430,430,230,0,5,313,S-ACR,0.246,0.025,36921,4128,4272,94
012 日常（82式）,430,430,430,230,0,5,329,SVCh,0.186,0.022,36921,4128,4272,71
012 日常（82式）,430,430,430,230,0,5,337,德利尔,0.212,0.023,36921,4128,4272,81
012 日常（82式）,430,430,430,230,0,5,338,SIG MCX,0.249,0.025,36921,4128,4272,95
012 日常（82式）,430,430,430,230,0,5,347,SR-2,0.277,0.027,36921,4128,4272,106
012 日常（82式）,430,430,430,230,0,5,348,HS.50,0.298,0.028,36921,4128,4272,114
012 日常（82式）,430,430,430,230,0,5,356,A-545,0.186,0.022,36921,4128,4272,71
012 日常（82式）,430,430,430,230,0,5,365,SCR,0.188,0.022,36921,4128,4272,72
012 日常（82式）,430,430,430,230,0,5,376,Erma,0.120,0.018,36921,4128,4272,46
012 日常（82式）,430,430,430,230,0,5,377,SCAR-H,0.183,0.022,36921,4128,4272,70
012 日常（82式）,430,430,430,230,0,5,378,SCAR-L,0.120,0.018,36921,4128,4272,46
012 日常（82式）,430,430,430,230,0,5,381,M110,0.306,0.028,36921,4128,4272,117
012 日常（82式）,430,430,430,230,0,5,388,QBU-191,0.288,0.027,36921,4128,4272,110
012 日常（82式）,430,430,430,230,0,5,389,博斯,0.228,0.024,36921,4128,4272,87
012 日常（82式）,430,430,430,230,0,5,390,HK433,0.194,0.022,36921,4128,4272,74
012 日常（82式）,430,430,430,230,0,5,391,82式,0.270,0.026,36921,4128,4272,103
012 日常（82式）,430,430,430,230,0,5,393,贝奥武夫,0.131,0.018,36921,4128,4272,50
012 日常（82式）,800,800,100,400,0,2,17,M3,1.103,0.041,60506,29959,31292,697
012 日常（82式）,800,800,100,400,0,2,21,PPSh-41,0.585,0.030,60506,29959,31292,370
012 日常（82式）,800,800,100,400,0,2,24,PP-2000,1.106,0.041,60506,29959,31292,699
012 日常（82式）,800,800,100,400,0,2,25,MP40,1.114,0.042,60506,29959,31292,704
012 日常（82式）,800,800,100,400,0,2,31,伯莱塔38型,0.946,0.038,60506,29959,31292,598
012 日常（82式）,800,800,100,400,0,2,33,m45,1.003,0.039,60506,29959,31292,634
012 日常（82式）,800,800,100,400,0,2,63,G3,1.066,0.041,60506,29959,31292,674
012 日常（82式）,800,800,100,400,0,2,68,L85A1,1.055,0.040,60506,29959,31292,667
012 日常（82式）,800,800,100,400,0,2,71,加利尔,1.203,0.043,60506,29959,31292,760
012 日常（82式）,800,800,100,400,0,2,74,SIG-510,1.093,0.041,60506,29959,31292,691
012 日常（82式）,800,800,100,400,0,2,81,LWMMG,6.907,0.097,60506,29959,31292,4365
012 日常（82式）,800,800,100,400,0,2,82,DP28,6.856,0.097,60506,29959,31292,4333
012 日常（82式）,800,800,100,400,0,2,87,MG34,6.658,0.096,60506,29959,31292,4208
012 日常（82式）,800,800,100,400,0,2,92,幽灵M4,1.136,0.042,60506,29959,31292,718
012 日常（82式）,800,800,100,400,0,2,93,IDW,1.024,0.040,60506,29959,31292,647
012 日常（82式）,800,800,100,400,0,2,94,64式,1.104,0.041,60506,29959,31292,698
012 日常（82式）,800,800,100,400,0,2,107,F2000,1.084,0.041,60506,29959,31292,685
012 日常（82式）,800,800,100,400,0,2,110,FG42,6.942,0.097,60506,29959,31292,4387
012 日常（82式）,800,800,100,400,0,2,111,AAT-52,6.932,0.097,60506,29959,31292,4381
012 日常（82式）,800,800,100,400,0,2,133,63式,0.595,0.031,60506,29959,31292,376
012 日常（82式）,800,800,100,400,0,3,18,MAC-10,0.783,0.034,60506,12339,13072,502
012 日常（82式）,800,800,100,400,0,3,22,PPS-43,0.431,0.026,60506,12339,13072,276
012 日常（82式）,800,800,100,400,0,3,27,蝎式,0.838,0.035,60506,12339,13072,537
012 日常（82式）,800,800,100,400,0,3,29,司登MkⅡ,0.800,0.035,60506,12339,13072,513
012 日常（82式）,800,800,100,400,0,3,32,微型乌兹,0.744,0.033,60506,12339,13072,477
012 日常（82式）,800,800,100,400,0,3,58,AK-47,0.735,0.033,60506,12339,13072,471
012 日常（82式）,800,800,100,400,0,3,61,StG44,0.683,0.032,60506,12339,13072,438
012 日常（82式）,800,800,100,400,0,3,70,FNC,0.652,0.031,60506,12339,13072,418
012 日常（82式）,800,800,100,400,0,3,77,M2HB,2.320,0.057,60506,12339,13072,1487
012 日常（82式）,800,800,100,400,0,3,80,M1919A4,3.980,0.071,60506,12339,13072,2551
012 日常（82式）,800,800,100,400,0,3,86,MG42,4.019,0.071,60506,12339,13072,2576
012 日常（82式）,800,800,100,400,0,3,89,布伦,4.041,0.071,60506,12339,13072,2590
012 日常（82式）,800,800,100,400,0,3,105,OTs-12,0.368,0.024,60506,12339,13072,236
012 日常（82式）,800,800,100,400,0,4,23,PP-90,0.255,0.020,60506,12314,12907,162
012 日常（82式）,800,800,100,400,0,4,26,MP5,0.424,0.026,60506,12314,12907,269
012 日常（82式）,800,800,100,400,0,4,60,AS Val,0.249,0.020,60506,12314,12907,158
012 日常（82式）,800,800,100,400,0,4,66,56-1式,0.244,0.020,60506,12314,12907,155
012 日常（82式）,800,800,100,400,0,4,69,FAMAS,0.235,0.019,60506,12314,12907,149
012 日常（82式）,800,800,100,400,0,4,75,M1918,1.787,0.051,60506,12314,12907,1133
012 日常（82式）,800,800,100,400,0,4,78,M60,1.782,0.051,60506,12314,12907,1130
012 日常（82式）,800,800,100,400,0,4,85,PK,1.369,0.045,60506,12314,12907,868
012 日常（82式）,800,800,100,400,0,4,88,MG3,1.837,0.051,60506,12314,12907,1165
012 日常（82式）,800,800,100,400,0,4,101,UMP9,0.339,0.023,60506,12314,12907,215
012 日常（82式）,800,800,100,400,0,4,103,UMP45,0.352,0.023,60506,12314,12907,223
012 日常（82式）,800,800,100,400,0,4,118,9A-91,0.210,0.018,60506,12314,12907,133
012 日常（82式）,800,800,100,400,0,4,121,Mk48,0.514,0.028,60506,12314,12907,326
012 日常（82式）,800,800,100,400,0,4,137,PP-19-01,0.350,0.023,60506,12314,12907,222
012 日常（82式）,800,800,100,400,0,4,149,AEK-999,1.373,0.045,60506,12314,12907,871
012 日常（82式）,800,800,100,400,0,4,150,希普卡,0.339,0.023,60506,12314,12907,215
012 日常（82式）,800,800,100,400,0,4,185,阿梅利,1.015,0.039,60506,12314,12907,644
012 日常（82式）,800,800,100,400,0,4,199,80式,1.168,0.042,60506,12314,12907,741
012 日常（82式）,800,800,100,400,0,4,216,XM8,0.205,0.018,60506,12314,12907,130
012 日常（82式）,800,800,100,400,0,4,237,SAR-21,0.244,0.020,60506,12314,12907,155
012 日常（82式）,800,800,100,400,0,4,262,EM-2,0.243,0.019,60506,12314,12907,154
012 日常（82式）,800,800,100,400,0,4,264,绍沙,1.671,0.049,60506,12314,12907,1060
012 日常（82式）,800,800,100,400,0,4,286,KAC-PDW,0.374,0.024,60506,12314,12907,237
012 日常（82式）,800,800,100,400,0,4,288,CR-21,0.255,0.020,60506,12314,12907,162
012 日常（82式）,800,800,100,400,0,4,304,SAF,0.416,0.025,60506,12314,12907,264
012 日常（82式）,800,800,100,400,0,4,328,AR-57,0.196,0.017,60506,12314,12907,124
012 日常（82式）,800,800,100,400,0,4,330,FX-05,0.188,0.017,60506,12314,12907,119
012 日常（82式）,800,800,100,400,0,4,336,PPD-40,0.255,0.020,60506,12314,12907,162
012 日常（82式）,800,800,100,400,0,4,349,AK74M,0.208,0.018,60506,12314,12907,132
012 日常（82式）,800,800,100,400,0,4,355,维涅龙M2,0.348,0.023,60506,12314,12907,221
012 日常（82式）,800,800,100,400,0,4,363,MPL,0.350,0.023,60506,12314,12907,222
012 日常（82式）,800,800,100,400,0,4,364,MPK,0.375,0.024,60506,12314,12907,238
012 日常（82式）,800,800,100,400,0,4,380,APC9K,0.380,0.024,60506,12314,12907,241
012 日常（82式）,800,800,100,400,0,4,382,MSBS,0.240,0.019,60506,12314,12907,152
012 日常（82式）,800,800,100,400,0,4,392,欧文,0.353,0.023,60506,12314,12907,224
012 日常（82式）,800,800,100,400,0,4,394,CM901,0.207,0.018,60506,12314,12907,131
012 日常（82式）,800,800,100,400,0,5,16,汤姆森,0.173,0.017,60506,5894,6036,107
012 日常（82式）,800,800,100,400,0,5,20,维克托,0.163,0.016,60506,5894,6036,101
012 日常（82式）,800,800,100,400,0,5,65,HK416,0.113,0.013,60506,5894,6036,70
012 日常（82式）,800,800,100,400,0,5,104,G36C,0.119,0.014,60506,5894,6036,74
012 日常（82式）,800,800,100,400,0,5,109,MG5,1.133,0.040,60506,5894,6036,702
012 日常（82式）,800,800,100,400,0,5,112,内格夫,0.476,0.027,60506,5894,6036,295
012 日常（82式）,800,800,100,400,0,5,115,索米,0.137,0.015,60506,5894,6036,85
012 日常（82式）,800,800,100,400,0,5,122,G11,0.040,0.008,60506,5894,6036,25
012 日常（82式）,800,800,100,400,0,5,125,MG4,0.413,0.025,60506,5894,6036,256
012 日常（82式）,800,800,100,400,0,5,127,79式,0.157,0.016,60506,5894,6036,97
012 日常（82式）,800,800,100,400,0,5,135,SR-3MP,0.097,0.012,60506,5894,6036,60
012 日常（82式）,800,800,100,400,0,5,173,PKP,0.805,0.035,60506,5894,6036,499
012 日常（82式）,800,800,100,400,0,5,213,C-MS,0.066,0.010,60506,5894,6036,41
012 日常（82式）,800,800,100,400,0,5,228,樱花,0.134,0.015,60506,5894,6036,83
012 日常（82式）,800,800,100,400,0,5,238,88式,1.210,0.041,60506,5894,6036,750
012 日常（82式）,800,800,100,400,0,5,245,P90,0.082,0.011,60506,5894,6036,51
012 日常（82式）,800,800,100,400,0,5,263,MG36,0.896,0.036,60506,5894,6036,555
012 日常（82式）,800,800,100,400,0,5,292,RPK-16,0.865,0.036,60506,5894,6036,536
012 日常（82式）,800,800,100,400,0,5,307,ZB-26,0.859,0.036,60506,5894,6036,532
012 日常（82式）,800,800,100,400,0,5,338,SIG MCX,0.119,0.014,60506,5894,6036,74
012 日常（82式）,800,800,100,400,0,5,339,RPK-203,0.849,0.035,60506,5894,6036,526
012 日常（82式）,800,800,100,400,0,5,347,SR-2,0.150,0.015,60506,5894,6036,93
012 日常（82式）,800,800,100,400,0,5,356,A-545,0.102,0.013,60506,5894,6036,63
012 日常（82式）,800,800,100,400,0,5,365,SCR,0.084,0.012,60506,5894,6036,52
012 日常（82式）,800,800,100,400,0,5,376,Erma,0.094,0.012,60506,5894,6036,58
012 日常（82式）,800,800,100,400,0,5,378,SCAR-L,0.086,0.012,60506,5894,6036,53
012 日常（82式）,800,800,100,400,0,5,390,HK433,0.094,0.012,60506,5894,6036,58
012 日常（82式）,800,800,100,400,0,5,391,82式,0.171,0.016,60506,5894,6036,106
012 日常（82式）,800,800,100,400,0,5,393,贝奥武夫,0.055,0.009,60506,5894,6036,34
