event,mp,ammo,mre,part,input_level,rank,gun_id,name,mean%,stdev%,rank_total,rank_count,gun_total,gun_count
020 圣建（24国庆）,30,30,30,30,0,2,2,M1911,7.548,0.740,1159,714,759,93
020 圣建（24国庆）,30,30,30,30,0,2,5,纳甘左轮,6.493,0.693,1159,714,759,80
020 圣建（24国庆）,30,30,30,30,0,2,9,P38,8.279,0.770,1159,714,759,102
020 圣建（24国庆）,30,30,30,30,0,2,10,PPK,6.737,0.704,1159,714,759,83
020 圣建（24国庆）,30,30,30,30,0,2,17,M3,0.162,0.116,1159,714,759,2
020 圣建（24国庆）,30,30,30,30,0,2,21,PPSh-41,0.243,0.141,1159,714,759,3
020 圣建（24国庆）,30,30,30,30,0,2,24,PP-2000,0.406,0.182,1159,714,759,5
020 圣建（24国庆）,30,30,30,30,0,2,25,MP40,0.243,0.141,1159,714,759,3
020 圣建（24国庆）,30,30,30,30,0,2,31,伯莱塔38型,0.325,0.163,1159,714,759,4
020 圣建（24国庆）,30,30,30,30,0,2,33,m45,0.406,0.182,1159,714,759,5
020 圣建（24国庆）,30,30,30,30,0,2,90,FNP-9,6.737,0.704,1159,714,759,83
020 圣建（24国庆）,30,30,30,30,0,2,91,MP-446,8.360,0.773,1159,714,759,103
020 圣建（24国庆）,30,30,30,30,0,2,92,幽灵M4,0.243,0.141,1159,714,759,3
020 圣建（24国庆）,30,30,30,30,0,2,93,IDW,0.162,0.116,1159,714,759,2
020 圣建（24国庆）,30,30,30,30,0,2,94,64式,0.325,0.163,1159,714,759,4
020 圣建（24国庆）,30,30,30,30,0,2,139,布伦·坦,7.873,0.753,1159,714,759,97
020 圣建（24国庆）,30,30,30,30,0,2,141,USP-C,7.061,0.719,1159,714,759,87
020 圣建（24国庆）,30,30,30,30,0,3,3,M9,4.449,0.559,1159,287,295,53
020 圣建（24国庆）,30,30,30,30,0,3,6,托卡列夫,2.182,0.413,1159,287,295,26
020 圣建（24国庆）,30,30,30,30,0,3,8,马卡洛夫,2.350,0.427,1159,287,295,28
020 圣建（24国庆）,30,30,30,30,0,3,11,P08,3.945,0.533,1159,287,295,47
020 圣建（24国庆）,30,30,30,30,0,3,12,C96,4.197,0.547,1159,287,295,50
020 圣建（24国庆）,30,30,30,30,0,3,13,92式,2.099,0.406,1159,287,295,25
020 圣建（24国庆）,30,30,30,30,0,3,14,阿斯特拉左轮,3.609,0.514,1159,287,295,43
020 圣建（24国庆）,30,30,30,30,0,3,18,MAC-10,0.168,0.119,1159,287,295,2
020 圣建（24国庆）,30,30,30,30,0,3,27,蝎式,0.336,0.168,1159,287,295,4
020 圣建（24国庆）,30,30,30,30,0,3,32,微型乌兹,0.336,0.168,1159,287,295,4
020 圣建（24国庆）,30,30,30,30,0,3,123,P99,1.091,0.299,1159,287,295,13
020 圣建（24国庆）,30,30,30,30,0,4,1,柯尔特左轮,4.098,0.416,1159,95,98,49
020 圣建（24国庆）,30,30,30,30,0,4,26,MP5,0.335,0.164,1159,95,98,4
020 圣建（24国庆）,30,30,30,30,0,4,99,Mk23,3.764,0.415,1159,95,98,45
020 圣建（24国庆）,30,30,30,30,0,5,16,汤姆森,0.084,0.083,1159,63,65,1
020 圣建（24国庆）,30,30,30,30,0,5,96,灰熊MkⅤ,2.007,0.326,1159,63,65,24
020 圣建（24国庆）,30,30,30,30,0,5,126,NZ75,0.335,0.162,1159,63,65,4
020 圣建（24国庆）,30,30,30,30,0,5,233,Px4 风暴,1.171,0.277,1159,63,65,14
020 圣建（24国庆）,30,30,30,30,0,5,260,PA-15,0.251,0.141,1159,63,65,3
020 圣建（24国庆）,30,30,30,30,0,5,400,柯尔特M1851N,1.589,0.307,1159,63,65,19
020 圣建（24国庆）,100,400,400,200,0,2,17,M3,1.744,0.193,4384,1383,1411,78
020 圣建（24国庆）,100,400,400,200,0,2,21,PPSh-41,0.492,0.105,4384,1383,1411,22
020 圣建（24国庆）,100,400,400,200,0,2,24,PP-2000,1.610,0.186,4384,1383,1411,72
020 圣建（24国庆）,100,400,400,200,0,2,25,MP40,1.319,0.169,4384,1383,1411,59
020 圣建（24国庆）,100,400,400,200,0,2,31,伯莱塔38型,1.431,0.176,4384,1383,1411,64
020 圣建（24国庆）,100,400,400,200,0,2,33,m45,1.722,0.192,4384,1383,1411,77
020 圣建（24国庆）,100,400,400,200,0,2,63,G3,3.287,0.258,4384,1383,1411,147
020 圣建（24国庆）,100,400,400,200,0,2,68,L85A1,2.996,0.248,4384,1383,1411,134
020 圣建（24国庆）,100,400,400,200,0,2,71,加利尔,2.974,0.247,4384,1383,1411,133
020 圣建（24国庆）,100,400,400,200,0,2,74,SIG-510,2.906,0.244,4384,1383,1411,130
020 圣建（24国庆）,100,400,400,200,0,2,92,幽灵M4,1.498,0.180,4384,1383,1411,67
020 圣建（24国庆）,100,400,400,200,0,2,93,IDW,1.811,0.196,4384,1383,1411,81
020 圣建（24国庆）,100,400,400,200,0,2,94,64式,1.967,0.204,4384,1383,1411,88
020 圣建（24国庆）,100,400,400,200,0,2,107,F2000,3.577,0.268,4384,1383,1411,160
020 圣建（24国庆）,100,400,400,200,0,2,133,63式,2.213,0.216,4384,1383,1411,99
020 圣建（24国庆）,100,400,400,200,0,3,18,MAC-10,1.015,0.143,4384,480,496,46
020 圣建（24国庆）,100,400,400,200,0,3,22,PPS-43,0.728,0.123,4384,480,496,33
020 圣建（24国庆）,100,400,400,200,0,3,27,蝎式,1.082,0.147,4384,480,496,49
020 圣建（24国庆）,100,400,400,200,0,3,32,微型乌兹,1.148,0.151,4384,480,496,52
020 圣建（24国庆）,100,400,400,200,0,3,58,AK-47,1.766,0.182,4384,480,496,80
020 圣建（24国庆）,100,400,400,200,0,3,61,StG44,1.876,0.186,4384,480,496,85
020 圣建（24国庆）,100,400,400,200,0,3,70,FNC,2.252,0.200,4384,480,496,102
020 圣建（24国庆）,100,400,400,200,0,3,105,OTs-12,1.082,0.147,4384,480,496,49
020 圣建（24国庆）,100,400,400,200,0,4,26,MP5,2.214,0.217,4384,1608,1640,99
020 圣建（24国庆）,100,400,400,200,0,4,60,AS Val,1.923,0.203,4384,1608,1640,86
020 圣建（24国庆）,100,400,400,200,0,4,64,G36,1.006,0.149,4384,1608,1640,45
020 圣建（24国庆）,100,400,400,200,0,4,66,56-1式,2.483,0.229,4384,1608,1640,111
020 圣建（24国庆）,100,400,400,200,0,4,69,FAMAS,2.348,0.223,4384,1608,1640,105
020 圣建（24国庆）,100,400,400,200,0,4,72,TAR-21,1.834,0.199,4384,1608,1640,82
020 圣建（24国庆）,100,400,400,200,0,4,118,9A-91,2.035,0.209,4384,1608,1640,91
020 圣建（24国庆）,100,400,400,200,0,4,171,利贝罗勒,1.588,0.185,4384,1608,1640,71
020 圣建（24国庆）,100,400,400,200,0,4,216,XM8,2.348,0.223,4384,1608,1640,105
020 圣建（24国庆）,100,400,400,200,0,4,237,SAR-21,2.348,0.223,4384,1608,1640,105
020 圣建（24国庆）,100,400,400,200,0,4,262,EM-2,2.102,0.212,4384,1608,1640,94
020 圣建（24国庆）,100,400,400,200,0,4,288,CR-21,2.393,0.225,4384,1608,1640,107
020 圣建（24国庆）,100,400,400,200,0,4,330,FX-05,2.572,0.233,4384,1608,1640,115
020 圣建（24国庆）,100,400,400,200,0,4,349,AK74M,2.281,0.220,4384,1608,1640,102
020 圣建（24国庆）,100,400,400,200,0,4,382,MSBS,2.550,0.232,4384,1608,1640,114
020 圣建（24国庆）,100,400,400,200,0,4,394,CM901,2.326,0.222,4384,1608,1640,104
020 圣建（24国庆）,100,400,400,200,0,4,405,SIG M400,2.326,0.222,4384,1608,1640,104
020 圣建（24国庆）,100,400,400,200,0,5,16,汤姆森,1.003,0.145,4384,913,955,46
020 圣建（24国庆）,100,400,400,200,0,5,62,G41,0.676,0.120,4384,913,955,31
020 圣建（24国庆）,100,400,400,200,0,5,65,HK416,0.981,0.144,4384,913,955,45
020 圣建（24国庆）,100,400,400,200,0,5,106,FAL,0.523,0.106,4384,913,955,24
020 圣建（24国庆）,100,400,400,200,0,5,122,G11,0.393,0.092,4384,913,955,18
020 圣建（24国庆）,100,400,400,200,0,5,129,95式,0.720,0.124,4384,913,955,33
020 圣建（24国庆）,100,400,400,200,0,5,130,97式,0.567,0.110,4384,913,955,26
020 圣建（24国庆）,100,400,400,200,0,5,172,RFB,0.393,0.092,4384,913,955,18
020 圣建（24国庆）,100,400,400,200,0,5,181,T91,0.589,0.112,4384,913,955,27
020 圣建（24国庆）,100,400,400,200,0,5,194,K2,0.611,0.114,4384,913,955,28
020 圣建（24国庆）,100,400,400,200,0,5,196,Zas M21,0.720,0.124,4384,913,955,33
020 圣建（24国庆）,100,400,400,200,0,5,205,AN-94,0.436,0.097,4384,913,955,20
020 圣建（24国庆）,100,400,400,200,0,5,206,AK-12,0.676,0.120,4384,913,955,31
020 圣建（24国庆）,100,400,400,200,0,5,214,ADS,0.545,0.108,4384,913,955,25
020 圣建（24国庆）,100,400,400,200,0,5,215,MDR,0.698,0.122,4384,913,955,32
020 圣建（24国庆）,100,400,400,200,0,5,236,K11,1.003,0.145,4384,913,955,46
020 圣建（24国庆）,100,400,400,200,0,5,243,64式自,0.741,0.126,4384,913,955,34
020 圣建（24国庆）,100,400,400,200,0,5,287,SIG-556,0.676,0.120,4384,913,955,31
020 圣建（24国庆）,100,400,400,200,0,5,290,89式自,0.414,0.095,4384,913,955,19
020 圣建（24国庆）,100,400,400,200,0,5,293,AK-15,0.349,0.087,4384,913,955,16
020 圣建（24国庆）,100,400,400,200,0,5,306,AK-阿尔法,0.676,0.120,4384,913,955,31
020 圣建（24国庆）,100,400,400,200,0,5,313,S-ACR,1.025,0.147,4384,913,955,47
020 圣建（24国庆）,100,400,400,200,0,5,338,SIG MCX,1.396,0.169,4384,913,955,64
020 圣建（24国庆）,100,400,400,200,0,5,356,A-545,0.654,0.118,4384,913,955,30
020 圣建（24国庆）,100,400,400,200,0,5,365,SCR,0.872,0.136,4384,913,955,40
020 圣建（24国庆）,100,400,400,200,0,5,378,SCAR-L,0.632,0.116,4384,913,955,29
020 圣建（24国庆）,100,400,400,200,0,5,390,HK433,1.003,0.145,4384,913,955,46
020 圣建（24国庆）,100,400,400,200,0,5,393,贝奥武夫,0.698,0.122,4384,913,955,32
020 圣建（24国庆）,100,400,400,200,0,5,404,Mk.18,1.156,0.155,4384,913,955,53
020 圣建（24国庆）,130,130,130,30,0,2,2,M1911,4.547,0.381,2763,1267,1311,130
020 圣建（24国庆）,130,130,130,30,0,2,5,纳甘左轮,4.967,0.396,2763,1267,1311,142
020 圣建（24国庆）,130,130,130,30,0,2,9,P38,4.232,0.369,2763,1267,1311,121
020 圣建（24国庆）,130,130,130,30,0,2,10,PPK,3.813,0.352,2763,1267,1311,109
020 圣建（24国庆）,130,130,130,30,0,2,17,M3,1.154,0.200,2763,1267,1311,33
020 圣建（24国庆）,130,130,130,30,0,2,21,PPSh-41,0.490,0.131,2763,1267,1311,14
020 圣建（24国庆）,130,130,130,30,0,2,24,PP-2000,1.294,0.211,2763,1267,1311,37
020 圣建（24国庆）,130,130,130,30,0,2,25,MP40,1.504,0.227,2763,1267,1311,43
020 圣建（24国庆）,130,130,130,30,0,2,31,伯莱塔38型,1.469,0.225,2763,1267,1311,42
020 圣建（24国庆）,130,130,130,30,0,2,33,m45,1.294,0.211,2763,1267,1311,37
020 圣建（24国庆）,130,130,130,30,0,2,90,FNP-9,3.848,0.354,2763,1267,1311,110
020 圣建（24国庆）,130,130,130,30,0,2,91,MP-446,4.022,0.361,2763,1267,1311,115
020 圣建（24国庆）,130,130,130,30,0,2,92,幽灵M4,1.924,0.256,2763,1267,1311,55
020 圣建（24国庆）,130,130,130,30,0,2,93,IDW,1.189,0.203,2763,1267,1311,34
020 圣建（24国庆）,130,130,130,30,0,2,94,64式,1.189,0.203,2763,1267,1311,34
020 圣建（24国庆）,130,130,130,30,0,2,139,布伦·坦,4.582,0.383,2763,1267,1311,131
020 圣建（24国庆）,130,130,130,30,0,2,141,USP-C,4.337,0.373,2763,1267,1311,124
020 圣建（24国庆）,130,130,130,30,0,3,3,M9,2.638,0.281,2763,492,513,76
020 圣建（24国庆）,130,130,130,30,0,3,6,托卡列夫,1.250,0.202,2763,492,513,36
020 圣建（24国庆）,130,130,130,30,0,3,8,马卡洛夫,0.972,0.180,2763,492,513,28
020 圣建（24国庆）,130,130,130,30,0,3,11,P08,2.707,0.284,2763,492,513,78
020 圣建（24国庆）,130,130,130,30,0,3,12,C96,1.944,0.247,2763,492,513,56
020 圣建（24国庆）,130,130,130,30,0,3,13,92式,0.937,0.177,2763,492,513,27
020 圣建（24国庆）,130,130,130,30,0,3,14,阿斯特拉左轮,2.707,0.284,2763,492,513,78
020 圣建（24国庆）,130,130,130,30,0,3,18,MAC-10,1.423,0.214,2763,492,513,41
020 圣建（24国庆）,130,130,130,30,0,3,22,PPS-43,0.555,0.137,2763,492,513,16
020 圣建（24国庆）,130,130,130,30,0,3,27,蝎式,1.215,0.199,2763,492,513,35
020 圣建（24国庆）,130,130,130,30,0,3,32,微型乌兹,0.694,0.153,2763,492,513,20
020 圣建（24国庆）,130,130,130,30,0,3,123,P99,0.764,0.160,2763,492,513,22
020 圣建（24国庆）,130,130,130,30,0,4,1,柯尔特左轮,3.275,0.321,2763,714,726,92
020 圣建（24国庆）,130,130,130,30,0,4,7,斯捷奇金,1.602,0.233,2763,714,726,45
020 圣建（24国庆）,130,130,130,30,0,4,26,MP5,1.780,0.245,2763,714,726,50
020 圣建（24国庆）,130,130,130,30,0,4,99,Mk23,2.776,0.299,2763,714,726,78
020 圣建（24国庆）,130,130,130,30,0,4,100,P7,2.883,0.304,2763,714,726,81
020 圣建（24国庆）,130,130,130,30,0,4,168,喷火,1.993,0.258,2763,714,726,56
020 圣建（24国庆）,130,130,130,30,0,4,212,K5,1.103,0.195,2763,714,726,31
020 圣建（24国庆）,130,130,130,30,0,4,248,杰里科,2.064,0.262,2763,714,726,58
020 圣建（24国庆）,130,130,130,30,0,4,269,P30,1.531,0.228,2763,714,726,43
020 圣建（24国庆）,130,130,130,30,0,4,310,Rex-0-1,0.783,0.165,2763,714,726,22
020 圣建（24国庆）,130,130,130,30,0,4,346,CZ 100,2.492,0.285,2763,714,726,70
020 圣建（24国庆）,130,130,130,30,0,4,354,ZiP .22,2.029,0.260,2763,714,726,57
020 圣建（24国庆）,130,130,130,30,0,4,379,P10C,1.531,0.228,2763,714,726,43
020 圣建（24国庆）,130,130,130,30,0,5,16,汤姆森,0.730,0.154,2763,290,302,21
020 圣建（24国庆）,130,130,130,30,0,5,96,灰熊MkⅤ,1.772,0.227,2763,290,302,51
020 圣建（24国庆）,130,130,130,30,0,5,97,M950A,1.043,0.181,2763,290,302,30
020 圣建（24国庆）,130,130,130,30,0,5,114,维尔德MkⅡ,1.286,0.199,2763,290,302,37
020 圣建（24国庆）,130,130,130,30,0,5,126,NZ75,0.834,0.164,2763,290,302,24
020 圣建（24国庆）,130,130,130,30,0,5,183,竞争者,0.382,0.114,2763,290,302,11
020 圣建（24国庆）,130,130,130,30,0,5,233,Px4 风暴,0.730,0.154,2763,290,302,21
020 圣建（24国庆）,130,130,130,30,0,5,260,PA-15,0.382,0.114,2763,290,302,11
020 圣建（24国庆）,130,130,130,30,0,5,285,C-93,0.417,0.118,2763,290,302,12
020 圣建（24国庆）,130,130,130,30,0,5,303,HP-35,0.660,0.147,2763,290,302,19
020 圣建（24国庆）,130,130,130,30,0,5,375,柯尔特沃克,0.591,0.140,2763,290,302,17
020 圣建（24国庆）,130,130,130,30,0,5,400,柯尔特M1851N,1.668,0.222,2763,290,302,48
020 圣建（24国庆）,400,100,400,200,0,2,17,M3,1.338,0.151,5492,2070,2169,77
020 圣建（24国庆）,400,100,400,200,0,2,21,PPSh-41,0.608,0.102,5492,2070,2169,35
020 圣建（24国庆）,400,100,400,200,0,2,24,PP-2000,1.216,0.144,5492,2070,2169,70
020 圣建（24国庆）,400,100,400,200,0,2,25,MP40,1.251,0.146,5492,2070,2169,72
020 圣建（24国庆）,400,100,400,200,0,2,31,伯莱塔38型,1.286,0.148,5492,2070,2169,74
020 圣建（24国庆）,400,100,400,200,0,2,33,m45,1.616,0.165,5492,2070,2169,93
020 圣建（24国庆）,400,100,400,200,0,2,40,SVT-38,4.483,0.263,5492,2070,2169,258
020 圣建（24国庆）,400,100,400,200,0,2,41,西蒙诺夫,4.084,0.253,5492,2070,2169,235
020 圣建（24国庆）,400,100,400,200,0,2,47,G43,4.501,0.264,5492,2070,2169,259
020 圣建（24国庆）,400,100,400,200,0,2,51,FN-49,3.736,0.243,5492,2070,2169,215
020 圣建（24国庆）,400,100,400,200,0,2,52,BM59,4.362,0.260,5492,2070,2169,251
020 圣建（24国庆）,400,100,400,200,0,2,63,G3,1.008,0.131,5492,2070,2169,58
020 圣建（24国庆）,400,100,400,200,0,2,68,L85A1,0.834,0.120,5492,2070,2169,48
020 圣建（24国庆）,400,100,400,200,0,2,71,加利尔,0.921,0.126,5492,2070,2169,53
020 圣建（24国庆）,400,100,400,200,0,2,74,SIG-510,0.973,0.129,5492,2070,2169,56
020 圣建（24国庆）,400,100,400,200,0,2,92,幽灵M4,1.182,0.142,5492,2070,2169,68
020 圣建（24国庆）,400,100,400,200,0,2,93,IDW,1.286,0.148,5492,2070,2169,74
020 圣建（24国庆）,400,100,400,200,0,2,94,64式,1.425,0.155,5492,2070,2169,82
020 圣建（24国庆）,400,100,400,200,0,2,107,F2000,1.008,0.131,5492,2070,2169,58
020 圣建（24国庆）,400,100,400,200,0,2,133,63式,0.573,0.100,5492,2070,2169,33
020 圣建（24国庆）,400,100,400,200,0,3,18,MAC-10,0.788,0.113,5492,760,808,46
020 圣建（24国庆）,400,100,400,200,0,3,22,PPS-43,0.394,0.081,5492,760,808,23
020 圣建（24国庆）,400,100,400,200,0,3,27,蝎式,1.147,0.135,5492,760,808,67
020 圣建（24国庆）,400,100,400,200,0,3,32,微型乌兹,0.959,0.124,5492,760,808,56
020 圣建（24国庆）,400,100,400,200,0,3,34,M1加兰德,2.672,0.193,5492,760,808,156
020 圣建（24国庆）,400,100,400,200,0,3,37,M14,2.398,0.185,5492,760,808,140
020 圣建（24国庆）,400,100,400,200,0,3,44,SV-98,2.757,0.195,5492,760,808,161
020 圣建（24国庆）,400,100,400,200,0,3,58,AK-47,0.736,0.110,5492,760,808,43
020 圣建（24国庆）,400,100,400,200,0,3,61,StG44,0.617,0.101,5492,760,808,36
020 圣建（24国庆）,400,100,400,200,0,3,70,FNC,0.531,0.094,5492,760,808,31
020 圣建（24国庆）,400,100,400,200,0,3,95,汉阳造88式,0.514,0.092,5492,760,808,30
020 圣建（24国庆）,400,100,400,200,0,3,105,OTs-12,0.325,0.074,5492,760,808,19
020 圣建（24国庆）,400,100,400,200,0,4,26,MP5,1.673,0.168,5492,1692,1749,95
020 圣建（24国庆）,400,100,400,200,0,4,36,春田,3.047,0.221,5492,1692,1749,173
020 圣建（24国庆）,400,100,400,200,0,4,39,莫辛-纳甘,3.241,0.227,5492,1692,1749,184
020 圣建（24国庆）,400,100,400,200,0,4,42,PTRD,2.219,0.191,5492,1692,1749,126
020 圣建（24国庆）,400,100,400,200,0,4,43,SVD,0.951,0.128,5492,1692,1749,54
020 圣建（24国庆）,400,100,400,200,0,4,60,AS Val,0.634,0.105,5492,1692,1749,36
020 圣建（24国庆）,400,100,400,200,0,4,66,56-1式,0.775,0.116,5492,1692,1749,44
020 圣建（24国庆）,400,100,400,200,0,4,69,FAMAS,0.757,0.115,5492,1692,1749,43
020 圣建（24国庆）,400,100,400,200,0,4,118,9A-91,0.581,0.101,5492,1692,1749,33
020 圣建（24国庆）,400,100,400,200,0,4,184,T-5000,2.378,0.198,5492,1692,1749,135
020 圣建（24国庆）,400,100,400,200,0,4,216,XM8,0.669,0.108,5492,1692,1749,38
020 圣建（24国庆）,400,100,400,200,0,4,235,SPR A3G,3.012,0.220,5492,1692,1749,171
020 圣建（24国庆）,400,100,400,200,0,4,237,SAR-21,0.652,0.107,5492,1692,1749,37
020 圣建（24国庆）,400,100,400,200,0,4,247,K31,1.427,0.156,5492,1692,1749,81
020 圣建（24国庆）,400,100,400,200,0,4,262,EM-2,0.599,0.102,5492,1692,1749,34
020 圣建（24国庆）,400,100,400,200,0,4,270,四式,2.413,0.199,5492,1692,1749,137
020 圣建（24国庆）,400,100,400,200,0,4,288,CR-21,0.669,0.108,5492,1692,1749,38
020 圣建（24国庆）,400,100,400,200,0,4,305,塔布克,2.748,0.211,5492,1692,1749,156
020 圣建（24国庆）,400,100,400,200,0,4,330,FX-05,0.440,0.088,5492,1692,1749,25
020 圣建（24国庆）,400,100,400,200,0,4,349,AK74M,0.528,0.096,5492,1692,1749,30
020 圣建（24国庆）,400,100,400,200,0,4,382,MSBS,0.846,0.121,5492,1692,1749,48
020 圣建（24国庆）,400,100,400,200,0,4,394,CM901,0.546,0.098,5492,1692,1749,31
020 圣建（24国庆）,400,100,400,200,0,5,16,汤姆森,0.722,0.107,5492,970,1077,44
020 圣建（24国庆）,400,100,400,200,0,5,46,Kar98k,0.607,0.098,5492,970,1077,37
020 圣建（24国庆）,400,100,400,200,0,5,48,WA2000,0.918,0.120,5492,970,1077,56
020 圣建（24国庆）,400,100,400,200,0,5,50,李-恩菲尔德,0.771,0.110,5492,970,1077,47
020 圣建（24国庆）,400,100,400,200,0,5,53,NTW-20,1.082,0.130,5492,970,1077,66
020 圣建（24国庆）,400,100,400,200,0,5,65,HK416,0.164,0.052,5492,970,1077,10
020 圣建（24国庆）,400,100,400,200,0,5,122,G11,0.082,0.037,5492,970,1077,5
020 圣建（24国庆）,400,100,400,200,0,5,128,M99,0.328,0.073,5492,970,1077,20
020 圣建（24国庆）,400,100,400,200,0,5,148,IWS 2000,0.377,0.078,5492,970,1077,23
020 圣建（24国庆）,400,100,400,200,0,5,197,卡尔卡诺M1891,0.722,0.107,5492,970,1077,44
020 圣建（24国庆）,400,100,400,200,0,5,198,卡尔卡诺M91/38,0.312,0.071,5492,970,1077,19
020 圣建（24国庆）,400,100,400,200,0,5,257,M200,1.148,0.133,5492,970,1077,70
020 圣建（24国庆）,400,100,400,200,0,5,261,QBU-88,1.164,0.134,5492,970,1077,71
020 圣建（24国庆）,400,100,400,200,0,5,312,VSK-94,0.804,0.113,5492,970,1077,49
020 圣建（24国庆）,400,100,400,200,0,5,329,SVCh,0.672,0.103,5492,970,1077,41
020 圣建（24国庆）,400,100,400,200,0,5,337,德利尔,0.722,0.107,5492,970,1077,44
020 圣建（24国庆）,400,100,400,200,0,5,338,SIG MCX,0.213,0.059,5492,970,1077,13
020 圣建（24国庆）,400,100,400,200,0,5,348,HS.50,0.836,0.115,5492,970,1077,51
020 圣建（24国庆）,400,100,400,200,0,5,356,A-545,0.312,0.071,5492,970,1077,19
020 圣建（24国庆）,400,100,400,200,0,5,365,SCR,0.180,0.054,5492,970,1077,11
020 圣建（24国庆）,400,100,400,200,0,5,377,SCAR-H,0.344,0.075,5492,970,1077,21
020 圣建（24国庆）,400,100,400,200,0,5,378,SCAR-L,0.098,0.040,5492,970,1077,6
020 圣建（24国庆）,400,100,400,200,0,5,381,M110,1.197,0.136,5492,970,1077,73
020 圣建（24国庆）,400,100,400,200,0,5,388,QBU-191,0.935,0.121,5492,970,1077,57
020 圣建（24国庆）,400,100,400,200,0,5,389,博斯,0.574,0.096,5492,970,1077,35
020 圣建（24国庆）,400,100,400,200,0,5,390,HK433,0.344,0.075,5492,970,1077,21
020 圣建（24国庆）,400,100,400,200,0,5,393,贝奥武夫,0.164,0.052,5492,970,1077,10
020 圣建（24国庆）,400,100,400,200,0,5,402,马提尼亨利,0.951,0.122,5492,970,1077,58
020 圣建（24国庆）,400,100,400,200,0,5,403,SIG CROSS,0.918,0.120,5492,970,1077,56
020 圣建（24国庆）,400,400,100,200,0,2,17,M3,2.449,0.271,2849,735,790,75
020 圣建（24国庆）,400,400,100,200,0,2,21,PPSh-41,1.437,0.212,2849,735,790,44
020 圣建（24国庆）,400,400,100,200,0,2,24,PP-2000,2.188,0.258,2849,735,790,67
020 圣建（24国庆）,400,400,100,200,0,2,25,MP40,2.155,0.256,2849,735,790,66
020 圣建（24国庆）,400,400,100,200,0,2,31,伯莱塔38型,2.286,0.263,2849,735,790,70
020 圣建（24国庆）,400,400,100,200,0,2,33,m45,2.253,0.261,2849,735,790,69
020 圣建（24国庆）,400,400,100,200,0,2,63,G3,1.274,0.200,2849,735,790,39
020 圣建（24国庆）,400,400,100,200,0,2,68,L85A1,1.078,0.185,2849,735,790,33
020 圣建（24国庆）,400,400,100,200,0,2,71,加利尔,1.241,0.198,2849,735,790,38
020 圣建（24国庆）,400,400,100,200,0,2,74,SIG-510,1.274,0.200,2849,735,790,39
020 圣建（24国庆）,400,400,100,200,0,2,92,幽灵M4,2.155,0.256,2849,735,790,66
020 圣建（24国庆）,400,400,100,200,0,2,93,IDW,1.698,0.229,2849,735,790,52
020 圣建（24国庆）,400,400,100,200,0,2,94,64式,2.547,0.276,2849,735,790,78
020 圣建（24国庆）,400,400,100,200,0,2,107,F2000,1.241,0.198,2849,735,790,38
020 圣建（24国庆）,400,400,100,200,0,2,133,63式,0.523,0.130,2849,735,790,16
020 圣建（24国庆）,400,400,100,200,0,3,18,MAC-10,2.091,0.244,2849,337,345,61
020 圣建（24国庆）,400,400,100,200,0,3,22,PPS-43,1.131,0.188,2849,337,345,33
020 圣建（24国庆）,400,400,100,200,0,3,27,蝎式,1.749,0.227,2849,337,345,51
020 圣建（24国庆）,400,400,100,200,0,3,29,司登MkⅡ,2.366,0.256,2849,337,345,69
020 圣建（24国庆）,400,400,100,200,0,3,32,微型乌兹,1.851,0.233,2849,337,345,54
020 圣建（24国庆）,400,400,100,200,0,3,58,AK-47,0.720,0.153,2849,337,345,21
020 圣建（24国庆）,400,400,100,200,0,3,61,StG44,0.891,0.169,2849,337,345,26
020 圣建（24国庆）,400,400,100,200,0,3,70,FNC,0.514,0.130,2849,337,345,15
020 圣建（24国庆）,400,400,100,200,0,3,105,OTs-12,0.514,0.130,2849,337,345,15
020 圣建（24国庆）,400,400,100,200,0,4,23,PP-90,1.922,0.256,2849,1402,1408,55
020 圣建（24国庆）,400,400,100,200,0,4,26,MP5,3.845,0.354,2849,1402,1408,110
020 圣建（24国庆）,400,400,100,200,0,4,60,AS Val,0.874,0.174,2849,1402,1408,25
020 圣建（24国庆）,400,400,100,200,0,4,66,56-1式,0.699,0.156,2849,1402,1408,20
020 圣建（24国庆）,400,400,100,200,0,4,69,FAMAS,0.664,0.152,2849,1402,1408,19
020 圣建（24国庆）,400,400,100,200,0,4,101,UMP9,2.447,0.287,2849,1402,1408,70
020 圣建（24国庆）,400,400,100,200,0,4,103,UMP45,2.691,0.300,2849,1402,1408,77
020 圣建（24国庆）,400,400,100,200,0,4,118,9A-91,0.699,0.156,2849,1402,1408,20
020 圣建（24国庆）,400,400,100,200,0,4,137,PP-19-01,2.656,0.298,2849,1402,1408,76
020 圣建（24国庆）,400,400,100,200,0,4,150,希普卡,2.726,0.302,2849,1402,1408,78
020 圣建（24国庆）,400,400,100,200,0,4,216,XM8,1.014,0.187,2849,1402,1408,29
020 圣建（24国庆）,400,400,100,200,0,4,237,SAR-21,0.699,0.156,2849,1402,1408,20
020 圣建（24国庆）,400,400,100,200,0,4,262,EM-2,0.804,0.167,2849,1402,1408,23
020 圣建（24国庆）,400,400,100,200,0,4,286,KAC-PDW,2.866,0.309,2849,1402,1408,82
020 圣建（24国庆）,400,400,100,200,0,4,288,CR-21,1.049,0.191,2849,1402,1408,30
020 圣建（24国庆）,400,400,100,200,0,4,304,SAF,2.447,0.287,2849,1402,1408,70
020 圣建（24国庆）,400,400,100,200,0,4,328,AR-57,2.027,0.262,2849,1402,1408,58
020 圣建（24国庆）,400,400,100,200,0,4,330,FX-05,0.874,0.174,2849,1402,1408,25
020 圣建（24国庆）,400,400,100,200,0,4,336,PPD-40,2.237,0.275,2849,1402,1408,64
020 圣建（24国庆）,400,400,100,200,0,4,349,AK74M,1.049,0.191,2849,1402,1408,30
020 圣建（24国庆）,400,400,100,200,0,4,355,维涅龙M2,2.656,0.298,2849,1402,1408,76
020 圣建（24国庆）,400,400,100,200,0,4,363,MPL,2.796,0.306,2849,1402,1408,80
020 圣建（24国庆）,400,400,100,200,0,4,364,MPK,3.076,0.320,2849,1402,1408,88
020 圣建（24国庆）,400,400,100,200,0,4,380,APC9K,2.202,0.273,2849,1402,1408,63
020 圣建（24国庆）,400,400,100,200,0,4,382,MSBS,0.699,0.156,2849,1402,1408,20
020 圣建（24国庆）,400,400,100,200,0,4,392,欧文,2.516,0.291,2849,1402,1408,72
020 圣建（24国庆）,400,400,100,200,0,4,394,CM901,0.979,0.184,2849,1402,1408,28
020 圣建（24国庆）,400,400,100,200,0,5,16,汤姆森,0.819,0.159,2849,375,402,25
020 圣建（24国庆）,400,400,100,200,0,5,20,维克托,1.048,0.179,2849,375,402,32
020 圣建（24国庆）,400,400,100,200,0,5,65,HK416,0.295,0.098,2849,375,402,9
020 圣建（24国庆）,400,400,100,200,0,5,104,G36C,0.786,0.156,2849,375,402,24
020 圣建（24国庆）,400,400,100,200,0,5,115,索米,0.557,0.133,2849,375,402,17
020 圣建（24国庆）,400,400,100,200,0,5,122,G11,0.033,0.033,2849,375,402,1
020 圣建（24国庆）,400,400,100,200,0,5,127,79式,1.048,0.179,2849,375,402,32
020 圣建（24国庆）,400,400,100,200,0,5,135,SR-3MP,0.851,0.162,2849,375,402,26
020 圣建（24国庆）,400,400,100,200,0,5,213,C-MS,0.491,0.125,2849,375,402,15
020 圣建（24国庆）,400,400,100,200,0,5,228,樱花,0.786,0.156,2849,375,402,24
020 圣建（24国庆）,400,400,100,200,0,5,245,P90,0.393,0.112,2849,375,402,12
020 圣建（24国庆）,400,400,100,200,0,5,338,SIG MCX,0.557,0.133,2849,375,402,17
020 圣建（24国庆）,400,400,100,200,0,5,347,SR-2,1.310,0.198,2849,375,402,40
020 圣建（24国庆）,400,400,100,200,0,5,356,A-545,0.327,0.103,2849,375,402,10
020 圣建（24国庆）,400,400,100,200,0,5,365,SCR,0.196,0.080,2849,375,402,6
020 圣建（24国庆）,400,400,100,200,0,5,376,Erma,0.360,0.108,2849,375,402,11
020 圣建（24国庆）,400,400,100,200,0,5,378,SCAR-L,0.393,0.112,2849,375,402,12
020 圣建（24国庆）,400,400,100,200,0,5,390,HK433,0.327,0.103,2849,375,402,10
020 圣建（24国庆）,400,400,100,200,0,5,391,82式,1.113,0.184,2849,375,402,34
020 圣建（24国庆）,400,400,100,200,0,5,393,贝奥武夫,0.196,0.080,2849,375,402,6
020 圣建（24国庆）,400,400,100,200,0,5,401,P50,1.277,0.195,2849,375,402,39
020 圣建（24国庆）,800,800,100,400,0,2,17,M3,0.491,0.136,2527,811,850,13
020 圣建（24国庆）,800,800,100,400,0,2,21,PPSh-41,0.340,0.113,2527,811,850,9
020 圣建（24国庆）,800,800,100,400,0,2,24,PP-2000,0.642,0.155,2527,811,850,17
020 圣建（24国庆）,800,800,100,400,0,2,25,MP40,0.717,0.164,2527,811,850,19
020 圣建（24国庆）,800,800,100,400,0,2,31,伯莱塔38型,0.491,0.136,2527,811,850,13
020 圣建（24国庆）,800,800,100,400,0,2,33,m45,0.604,0.151,2527,811,850,16
020 圣建（24国庆）,800,800,100,400,0,2,63,G3,0.491,0.136,2527,811,850,13
020 圣建（24国庆）,800,800,100,400,0,2,68,L85A1,0.453,0.131,2527,811,850,12
020 圣建（24国庆）,800,800,100,400,0,2,71,加利尔,0.604,0.151,2527,811,850,16
020 圣建（24国庆）,800,800,100,400,0,2,74,SIG-510,0.491,0.136,2527,811,850,13
020 圣建（24国庆）,800,800,100,400,0,2,81,LWMMG,5.135,0.407,2527,811,850,136
020 圣建（24国庆）,800,800,100,400,0,2,82,DP28,4.493,0.385,2527,811,850,119
020 圣建（24国庆）,800,800,100,400,0,2,87,MG34,5.059,0.404,2527,811,850,134
020 圣建（24国庆）,800,800,100,400,0,2,92,幽灵M4,0.944,0.187,2527,811,850,25
020 圣建（24国庆）,800,800,100,400,0,2,93,IDW,0.491,0.136,2527,811,850,13
020 圣建（24国庆）,800,800,100,400,0,2,94,64式,0.642,0.155,2527,811,850,17
020 圣建（24国庆）,800,800,100,400,0,2,107,F2000,0.453,0.131,2527,811,850,12
020 圣建（24国庆）,800,800,100,400,0,2,110,FG42,4.229,0.375,2527,811,850,112
020 圣建（24国庆）,800,800,100,400,0,2,111,AAT-52,4.984,0.402,2527,811,850,132
020 圣建（24国庆）,800,800,100,400,0,2,133,63式,0.340,0.113,2527,811,850,9
020 圣建（24国庆）,800,800,100,400,0,3,18,MAC-10,0.183,0.081,2527,301,326,5
020 圣建（24国庆）,800,800,100,400,0,3,22,PPS-43,0.219,0.089,2527,301,326,6
020 圣建（24国庆）,800,800,100,400,0,3,27,蝎式,0.402,0.120,2527,301,326,11
020 圣建（24国庆）,800,800,100,400,0,3,29,司登MkⅡ,0.475,0.130,2527,301,326,13
020 圣建（24国庆）,800,800,100,400,0,3,32,微型乌兹,0.438,0.125,2527,301,326,12
020 圣建（24国庆）,800,800,100,400,0,3,58,AK-47,0.548,0.139,2527,301,326,15
020 圣建（24国庆）,800,800,100,400,0,3,61,StG44,0.438,0.125,2527,301,326,12
020 圣建（24国庆）,800,800,100,400,0,3,70,FNC,0.292,0.103,2527,301,326,8
020 圣建（24国庆）,800,800,100,400,0,3,77,M2HB,1.206,0.200,2527,301,326,33
020 圣建（24国庆）,800,800,100,400,0,3,80,M1919A4,2.156,0.255,2527,301,326,59
020 圣建（24国庆）,800,800,100,400,0,3,86,MG42,2.558,0.272,2527,301,326,70
020 圣建（24国庆）,800,800,100,400,0,3,89,布伦,2.813,0.282,2527,301,326,77
020 圣建（24国庆）,800,800,100,400,0,3,105,OTs-12,0.183,0.081,2527,301,326,5
020 圣建（24国庆）,800,800,100,400,0,4,23,PP-90,0.533,0.143,2527,977,1015,14
020 圣建（24国庆）,800,800,100,400,0,4,26,MP5,0.838,0.178,2527,977,1015,22
020 圣建（24国庆）,800,800,100,400,0,4,60,AS Val,0.495,0.137,2527,977,1015,13
020 圣建（24国庆）,800,800,100,400,0,4,66,56-1式,0.419,0.127,2527,977,1015,11
020 圣建（24国庆）,800,800,100,400,0,4,69,FAMAS,0.609,0.152,2527,977,1015,16
020 圣建（24国庆）,800,800,100,400,0,4,75,M1918,2.819,0.318,2527,977,1015,74
020 圣建（24国庆）,800,800,100,400,0,4,78,M60,3.314,0.342,2527,977,1015,87
020 圣建（24国庆）,800,800,100,400,0,4,85,PK,2.133,0.279,2527,977,1015,56
020 圣建（24国庆）,800,800,100,400,0,4,88,MG3,2.743,0.314,2527,977,1015,72
020 圣建（24国庆）,800,800,100,400,0,4,101,UMP9,0.343,0.115,2527,977,1015,9
020 圣建（24国庆）,800,800,100,400,0,4,103,UMP45,0.609,0.152,2527,977,1015,16
020 圣建（24国庆）,800,800,100,400,0,4,118,9A-91,0.495,0.137,2527,977,1015,13
020 圣建（24国庆）,800,800,100,400,0,4,121,Mk48,0.762,0.170,2527,977,1015,20
020 圣建（24国庆）,800,800,100,400,0,4,137,PP-19-01,0.648,0.157,2527,977,1015,17
020 圣建（24国庆）,800,800,100,400,0,4,149,AEK-999,2.400,0.295,2527,977,1015,63
020 圣建（24国庆）,800,800,100,400,0,4,150,希普卡,0.724,0.166,2527,977,1015,19
020 圣建（24国庆）,800,800,100,400,0,4,185,阿梅利,1.562,0.241,2527,977,1015,41
020 圣建（24国庆）,800,800,100,400,0,4,199,80式,1.676,0.249,2527,977,1015,44
020 圣建（24国庆）,800,800,100,400,0,4,216,XM8,0.457,0.132,2527,977,1015,12
020 圣建（24国庆）,800,800,100,400,0,4,237,SAR-21,0.419,0.127,2527,977,1015,11
020 圣建（24国庆）,800,800,100,400,0,4,262,EM-2,0.343,0.115,2527,977,1015,9
020 圣建（24国庆）,800,800,100,400,0,4,264,绍沙,2.704,0.312,2527,977,1015,71
020 圣建（24国庆）,800,800,100,400,0,4,286,KAC-PDW,0.648,0.157,2527,977,1015,17
020 圣建（24国庆）,800,800,100,400,0,4,288,CR-21,0.533,0.143,2527,977,1015,14
020 圣建（24国庆）,800,800,100,400,0,4,304,SAF,0.876,0.182,2527,977,1015,23
020 圣建（24国庆）,800,800,100,400,0,4,328,AR-57,0.419,0.127,2527,977,1015,11
020 圣建（24国庆）,800,800,100,400,0,4,330,FX-05,0.609,0.152,2527,977,1015,16
020 圣建（24国庆）,800,800,100,400,0,4,336,PPD-40,0.686,0.161,2527,977,1015,18
020 圣建（24国庆）,800,800,100,400,0,4,349,AK74M,0.343,0.115,2527,977,1015,9
020 圣建（24国庆）,800,800,100,400,0,4,355,维涅龙M2,0.838,0.178,2527,977,1015,22
020 圣建（24国庆）,800,800,100,400,0,4,363,MPL,0.876,0.182,2527,977,1015,23
020 圣建（24国庆）,800,800,100,400,0,4,364,MPK,0.648,0.157,2527,977,1015,17
020 圣建（24国庆）,800,800,100,400,0,4,380,APC9K,0.457,0.132,2527,977,1015,12
020 圣建（24国庆）,800,800,100,400,0,4,382,MSBS,0.495,0.137,2527,977,1015,13
020 圣建（24国庆）,800,800,100,400,0,4,392,欧文,0.419,0.127,2527,977,1015,11
020 圣建（24国庆）,800,800,100,400,0,4,394,CM901,0.495,0.137,2527,977,1015,13
020 圣建（24国庆）,800,800,100,400,0,4,396,MG15,3.276,0.341,2527,977,1015,86
020 圣建（24国庆）,800,800,100,400,0,5,16,汤姆森,0.184,0.082,2527,438,471,5
020 圣建（24国庆）,800,800,100,400,0,5,20,维克托,0.258,0.097,2527,438,471,7
020 圣建（24国庆）,800,800,100,400,0,5,65,HK416,0.110,0.064,2527,438,471,3
020 圣建（24国庆）,800,800,100,400,0,5,104,G36C,0.294,0.104,2527,438,471,8
020 圣建（24国庆）,800,800,100,400,0,5,109,MG5,1.914,0.252,2527,438,471,52
020 圣建（24国庆）,800,800,100,400,0,5,112,内格夫,0.662,0.154,2527,438,471,18
020 圣建（24国庆）,800,800,100,400,0,5,115,索米,0.147,0.074,2527,438,471,4
020 圣建（24国庆）,800,800,100,400,0,5,122,G11,0.037,0.037,2527,438,471,1
020 圣建（24国庆）,800,800,100,400,0,5,125,MG4,0.626,0.150,2527,438,471,17
020 圣建（24国庆）,800,800,100,400,0,5,127,79式,0.442,0.127,2527,438,471,12
020 圣建（24国庆）,800,800,100,400,0,5,135,SR-3MP,0.184,0.082,2527,438,471,5
020 圣建（24国庆）,800,800,100,400,0,5,173,PKP,0.994,0.187,2527,438,471,27
020 圣建（24国庆）,800,800,100,400,0,5,213,C-MS,0.110,0.064,2527,438,471,3
020 圣建（24国庆）,800,800,100,400,0,5,228,樱花,0.258,0.097,2527,438,471,7
020 圣建（24国庆）,800,800,100,400,0,5,238,88式,1.435,0.221,2527,438,471,39
020 圣建（24国庆）,800,800,100,400,0,5,245,P90,0.110,0.064,2527,438,471,3
020 圣建（24国庆）,800,800,100,400,0,5,263,MG36,0.994,0.187,2527,438,471,27
020 圣建（24国庆）,800,800,100,400,0,5,292,RPK-16,1.067,0.193,2527,438,471,29
020 圣建（24国庆）,800,800,100,400,0,5,307,ZB-26,0.662,0.154,2527,438,471,18
020 圣建（24国庆）,800,800,100,400,0,5,338,SIG MCX,0.294,0.104,2527,438,471,8
020 圣建（24国庆）,800,800,100,400,0,5,339,RPK-203,1.251,0.208,2527,438,471,34
020 圣建（24国庆）,800,800,100,400,0,5,347,SR-2,0.184,0.082,2527,438,471,5
020 圣建（24国庆）,800,800,100,400,0,5,356,A-545,0.294,0.104,2527,438,471,8
020 圣建（24国庆）,800,800,100,400,0,5,365,SCR,0.331,0.110,2527,438,471,9
020 圣建（24国庆）,800,800,100,400,0,5,376,Erma,0.037,0.037,2527,438,471,1
020 圣建（24国庆）,800,800,100,400,0,5,378,SCAR-L,0.037,0.037,2527,438,471,1
020 圣建（24国庆）,800,800,100,400,0,5,390,HK433,0.110,0.064,2527,438,471,3
020 圣建（24国庆）,800,800,100,400,0,5,391,82式,0.294,0.104,2527,438,471,8
020 圣建（24国庆）,800,800,100,400,0,5,393,贝奥武夫,0.331,0.110,2527,438,471,9
020 圣建（24国庆）,800,800,100,400,0,5,395,FM24,1.619,0.234,2527,438,471,44
020 圣建（24国庆）,800,800,100,400,0,5,401,P50,0.294,0.104,2527,438,471,8
020 圣建（24国庆）,800,800,100,400,0,5,406,XM556,1.766,0.243,2527,438,471,48
