event,mp,ammo,mre,part,item_num,rank,equip_id,name,mean%,stdev%,equip_total,equip_count
000 圣建（23春节）,10,10,10,10,1,2,1,BM 3-12X40,10.127,0.431,4888,495
000 圣建（23春节）,10,10,10,10,1,2,5,EOT 506,10.065,0.430,4888,492
000 圣建（23春节）,10,10,10,10,1,2,9,AMP COMPM2,9.268,0.415,4888,453
000 圣建（23春节）,10,10,10,10,1,2,13,PEQ-2,6.444,0.351,4888,315
000 圣建（23春节）,10,10,10,10,1,2,37,IOP T1外骨骼,1.616,0.180,4888,79
000 圣建（23春节）,10,10,10,10,1,2,55,IOP X1外骨骼,1.596,0.179,4888,78
000 圣建（23春节）,10,10,10,10,1,2,63,AC1消音器,7.099,0.367,4888,347
000 圣建（23春节）,10,10,10,10,1,2,87,破旧披风,5.094,0.314,4888,249
000 圣建（23春节）,10,10,10,10,1,3,2,LRA 2-12x50,3.642,0.268,4888,178
000 圣建（23春节）,10,10,10,10,1,3,6,EOT 512,3.887,0.276,4888,190
000 圣建（23春节）,10,10,10,10,1,3,10,AMP COMPM4,3.785,0.273,4888,185
000 圣建（23春节）,10,10,10,10,1,3,14,PEQ-5,2.435,0.220,4888,119
000 圣建（23春节）,10,10,10,10,1,3,38,IOP T2外骨骼,0.471,0.098,4888,23
000 圣建（23春节）,10,10,10,10,1,3,42,Type1防弹插板,3.764,0.272,4888,184
000 圣建（23春节）,10,10,10,10,1,3,56,IOP X2外骨骼,0.389,0.089,4888,19
000 圣建（23春节）,10,10,10,10,1,3,64,AC2消音器,1.759,0.188,4888,86
000 圣建（23春节）,10,10,10,10,1,3,88,伪装披风,1.596,0.179,4888,78
000 圣建（23春节）,10,10,10,10,1,3,222,RMR红点,5.217,0.318,4888,255
000 圣建（23春节）,10,10,10,10,1,3,232,试制运算芯片,7.754,0.382,4888,379
000 圣建（23春节）,10,10,10,10,1,4,3,PSO-1,1.268,0.160,4888,62
000 圣建（23春节）,10,10,10,10,1,4,7,EOT 516,1.780,0.189,4888,87
000 圣建（23春节）,10,10,10,10,1,4,11,COG M150,1.309,0.163,4888,64
000 圣建（23春节）,10,10,10,10,1,4,15,PEQ-15,0.921,0.137,4888,45
000 圣建（23春节）,10,10,10,10,1,4,39,IOP T3外骨骼,0.061,0.035,4888,3
000 圣建（23春节）,10,10,10,10,1,4,43,Type2防弹插板,0.777,0.126,4888,38
000 圣建（23春节）,10,10,10,10,1,4,57,IOP X3外骨骼,0.041,0.029,4888,2
000 圣建（23春节）,10,10,10,10,1,4,65,AC3消音器,0.675,0.117,4888,33
000 圣建（23春节）,10,10,10,10,1,4,89,城市迷彩披风,0.777,0.126,4888,38
000 圣建（23春节）,10,10,10,10,1,4,223,RMR T2红点,2.680,0.231,4888,131
000 圣建（23春节）,10,10,10,10,1,4,233,#1运算芯片,2.209,0.210,4888,108
000 圣建（23春节）,10,10,10,10,1,5,4,VFL 6-24X56,0.143,0.054,4888,7
000 圣建（23春节）,10,10,10,10,1,5,8,EOT 518,0.102,0.046,4888,5
000 圣建（23春节）,10,10,10,10,1,5,12,ITI MARS,0.123,0.050,4888,6
000 圣建（23春节）,10,10,10,10,1,5,16,PEQ-16A,0.041,0.029,4888,2
000 圣建（23春节）,10,10,10,10,1,5,40,IOP T4外骨骼,0.020,0.020,4888,1
000 圣建（23春节）,10,10,10,10,1,5,44,Type3防弹插板,0.082,0.041,4888,4
000 圣建（23春节）,10,10,10,10,1,5,66,AC4消音器,0.184,0.061,4888,9
000 圣建（23春节）,10,10,10,10,1,5,90,热光学迷彩披风,0.143,0.054,4888,7
000 圣建（23春节）,10,10,10,10,1,5,224,RMR T4红点,0.286,0.076,4888,14
000 圣建（23春节）,10,10,10,10,1,5,234,#2运算芯片,0.164,0.058,4888,8
000 圣建（23春节）,10,10,10,10,1,5,305,SF武器灯改,0.061,0.035,4888,3
000 圣建（23春节）,10,10,10,10,1,5,309,专注芯片,0.143,0.054,4888,7
000 圣建（23春节）,10,150,90,100,1,2,1,BM 3-12X40,1.604,0.235,2867,46
000 圣建（23春节）,10,150,90,100,1,2,5,EOT 506,1.325,0.214,2867,38
000 圣建（23春节）,10,150,90,100,1,2,9,AMP COMPM2,0.942,0.180,2867,27
000 圣建（23春节）,10,150,90,100,1,2,13,PEQ-2,0.942,0.180,2867,27
000 圣建（23春节）,10,150,90,100,1,2,17,M61穿甲弹,12.103,0.609,2867,347
000 圣建（23春节）,10,150,90,100,1,2,29,FMJ高速弹,3.627,0.349,2867,104
000 圣建（23春节）,10,150,90,100,1,2,37,IOP T1外骨骼,0.558,0.139,2867,16
000 圣建（23春节）,10,150,90,100,1,2,55,IOP X1外骨骼,0.732,0.159,2867,21
000 圣建（23春节）,10,150,90,100,1,2,63,AC1消音器,1.535,0.230,2867,44
000 圣建（23春节）,10,150,90,100,1,2,69,ILM空尖弹,3.209,0.329,2867,92
000 圣建（23春节）,10,150,90,100,1,2,73,#1猎鹿弹,2.895,0.313,2867,83
000 圣建（23春节）,10,150,90,100,1,2,77,BK独头弹,2.755,0.306,2867,79
000 圣建（23春节）,10,150,90,100,1,2,87,破旧披风,1.012,0.187,2867,29
000 圣建（23春节）,10,150,90,100,1,3,2,LRA 2-12x50,1.012,0.187,2867,29
000 圣建（23春节）,10,150,90,100,1,3,6,EOT 512,0.628,0.147,2867,18
000 圣建（23春节）,10,150,90,100,1,3,10,AMP COMPM4,1.116,0.196,2867,32
000 圣建（23春节）,10,150,90,100,1,3,14,PEQ-5,0.488,0.130,2867,14
000 圣建（23春节）,10,150,90,100,1,3,18,M993穿甲弹,10.534,0.573,2867,302
000 圣建（23春节）,10,150,90,100,1,3,30,JSP高速弹,3.418,0.339,2867,98
000 圣建（23春节）,10,150,90,100,1,3,38,IOP T2外骨骼,0.349,0.110,2867,10
000 圣建（23春节）,10,150,90,100,1,3,42,Type1防弹插板,3.558,0.346,2867,102
000 圣建（23春节）,10,150,90,100,1,3,56,IOP X2外骨骼,0.488,0.130,2867,14
000 圣建（23春节）,10,150,90,100,1,3,64,AC2消音器,0.698,0.155,2867,20
000 圣建（23春节）,10,150,90,100,1,3,70,ILM空尖弹,1.256,0.208,2867,36
000 圣建（23春节）,10,150,90,100,1,3,74,#0猎鹿弹,2.232,0.276,2867,64
000 圣建（23春节）,10,150,90,100,1,3,78,FST独头弹,1.395,0.219,2867,40
000 圣建（23春节）,10,150,90,100,1,3,88,伪装披风,0.558,0.139,2867,16
000 圣建（23春节）,10,150,90,100,1,3,222,RMR红点,1.849,0.252,2867,53
000 圣建（23春节）,10,150,90,100,1,3,232,试制运算芯片,2.407,0.286,2867,69
000 圣建（23春节）,10,150,90,100,1,4,3,PSO-1,0.558,0.139,2867,16
000 圣建（23春节）,10,150,90,100,1,4,7,EOT 516,0.419,0.121,2867,12
000 圣建（23春节）,10,150,90,100,1,4,11,COG M150,0.349,0.110,2867,10
000 圣建（23春节）,10,150,90,100,1,4,15,PEQ-15,0.384,0.115,2867,11
000 圣建（23春节）,10,150,90,100,1,4,19,Mk169穿甲弹,7.883,0.503,2867,226
000 圣建（23春节）,10,150,90,100,1,4,31,JHP高速弹,1.291,0.211,2867,37
000 圣建（23春节）,10,150,90,100,1,4,39,IOP T3外骨骼,0.209,0.085,2867,6
000 圣建（23春节）,10,150,90,100,1,4,43,Type2防弹插板,0.907,0.177,2867,26
000 圣建（23春节）,10,150,90,100,1,4,57,IOP X3外骨骼,0.279,0.098,2867,8
000 圣建（23春节）,10,150,90,100,1,4,65,AC3消音器,0.279,0.098,2867,8
000 圣建（23春节）,10,150,90,100,1,4,71,ILM空尖弹,0.314,0.104,2867,9
000 圣建（23春节）,10,150,90,100,1,4,75,#00猎鹿弹,0.663,0.152,2867,19
000 圣建（23春节）,10,150,90,100,1,4,79,WAD独头弹,0.767,0.163,2867,22
000 圣建（23春节）,10,150,90,100,1,4,89,城市迷彩披风,0.349,0.110,2867,10
000 圣建（23春节）,10,150,90,100,1,4,223,RMR T2红点,1.151,0.199,2867,33
000 圣建（23春节）,10,150,90,100,1,4,226,M33狙击弹,7.883,0.503,2867,226
000 圣建（23春节）,10,150,90,100,1,4,228,Mk900SLAP,2.128,0.269,2867,61
000 圣建（23春节）,10,150,90,100,1,4,230,#6鸟弹,0.907,0.177,2867,26
000 圣建（23春节）,10,150,90,100,1,4,233,#1运算芯片,0.872,0.174,2867,25
000 圣建（23春节）,10,150,90,100,1,5,4,VFL 6-24X56,0.035,0.035,2867,1
000 圣建（23春节）,10,150,90,100,1,5,12,ITI MARS,0.070,0.049,2867,2
000 圣建（23春节）,10,150,90,100,1,5,16,PEQ-16A,0.035,0.035,2867,1
000 圣建（23春节）,10,150,90,100,1,5,20,Mk211高爆穿甲弹,2.825,0.309,2867,81
000 圣建（23春节）,10,150,90,100,1,5,32,APCR高速弹,0.105,0.060,2867,3
000 圣建（23春节）,10,150,90,100,1,5,40,IOP T4外骨骼,0.035,0.035,2867,1
000 圣建（23春节）,10,150,90,100,1,5,44,Type3防弹插板,0.140,0.070,2867,4
000 圣建（23春节）,10,150,90,100,1,5,66,AC4消音器,0.105,0.060,2867,3
000 圣建（23春节）,10,150,90,100,1,5,72,ILM空尖弹,0.140,0.070,2867,4
000 圣建（23春节）,10,150,90,100,1,5,80,SABOT独头弹,0.140,0.070,2867,4
000 圣建（23春节）,10,150,90,100,1,5,90,热光学迷彩披风,0.035,0.035,2867,1
000 圣建（23春节）,10,150,90,100,1,5,224,RMR T4红点,0.174,0.078,2867,5
000 圣建（23春节）,10,150,90,100,1,5,227,M1022狙击弹,2.790,0.308,2867,80
000 圣建（23春节）,10,150,90,100,1,5,229,Mk1000SLAP,0.140,0.070,2867,4
000 圣建（23春节）,10,150,90,100,1,5,231,#7.5鸟弹,0.140,0.070,2867,4
000 圣建（23春节）,10,150,90,100,1,5,234,#2运算芯片,0.209,0.085,2867,6
000 圣建（23春节）,10,150,90,100,1,5,305,SF武器灯改,0.035,0.035,2867,1
000 圣建（23春节）,10,150,90,100,1,5,309,专注芯片,0.035,0.035,2867,1
000 圣建（23春节）,10,230,120,80,1,2,13,PEQ-2,1.737,0.291,2015,35
000 圣建（23春节）,10,230,120,80,1,2,17,M61穿甲弹,3.524,0.411,2015,71
000 圣建（23春节）,10,230,120,80,1,2,29,FMJ高速弹,21.390,0.913,2015,431
000 圣建（23春节）,10,230,120,80,1,2,37,IOP T1外骨骼,0.844,0.204,2015,17
000 圣建（23春节）,10,230,120,80,1,2,55,IOP X1外骨骼,0.645,0.178,2015,13
000 圣建（23春节）,10,230,120,80,1,2,63,AC1消音器,1.836,0.299,2015,37
000 圣建（23春节）,10,230,120,80,1,2,69,ILM空尖弹,3.524,0.411,2015,71
000 圣建（23春节）,10,230,120,80,1,2,73,#1猎鹿弹,2.184,0.325,2015,44
000 圣建（23春节）,10,230,120,80,1,2,77,BK独头弹,1.836,0.299,2015,37
000 圣建（23春节）,10,230,120,80,1,2,87,破旧披风,1.787,0.295,2015,36
000 圣建（23春节）,10,230,120,80,1,3,14,PEQ-5,1.141,0.237,2015,23
000 圣建（23春节）,10,230,120,80,1,3,18,M993穿甲弹,2.084,0.318,2015,42
000 圣建（23春节）,10,230,120,80,1,3,30,JSP高速弹,14.442,0.783,2015,291
000 圣建（23春节）,10,230,120,80,1,3,38,IOP T2外骨骼,0.099,0.070,2015,2
000 圣建（23春节）,10,230,120,80,1,3,42,Type1防弹插板,1.836,0.299,2015,37
000 圣建（23春节）,10,230,120,80,1,3,56,IOP X2外骨骼,0.199,0.099,2015,4
000 圣建（23春节）,10,230,120,80,1,3,64,AC2消音器,0.943,0.215,2015,19
000 圣建（23春节）,10,230,120,80,1,3,70,ILM空尖弹,2.035,0.314,2015,41
000 圣建（23春节）,10,230,120,80,1,3,74,#0猎鹿弹,0.943,0.215,2015,19
000 圣建（23春节）,10,230,120,80,1,3,78,FST独头弹,1.340,0.256,2015,27
000 圣建（23春节）,10,230,120,80,1,3,88,伪装披风,0.645,0.178,2015,13
000 圣建（23春节）,10,230,120,80,1,3,222,RMR红点,2.779,0.366,2015,56
000 圣建（23春节）,10,230,120,80,1,3,232,试制运算芯片,2.928,0.375,2015,59
000 圣建（23春节）,10,230,120,80,1,4,15,PEQ-15,0.347,0.131,2015,7
000 圣建（23春节）,10,230,120,80,1,4,19,Mk169穿甲弹,1.787,0.295,2015,36
000 圣建（23春节）,10,230,120,80,1,4,31,JHP高速弹,9.529,0.654,2015,192
000 圣建（23春节）,10,230,120,80,1,4,43,Type2防弹插板,0.546,0.164,2015,11
000 圣建（23春节）,10,230,120,80,1,4,57,IOP X3外骨骼,0.149,0.086,2015,3
000 圣建（23春节）,10,230,120,80,1,4,65,AC3消音器,0.347,0.131,2015,7
000 圣建（23春节）,10,230,120,80,1,4,71,ILM空尖弹,0.546,0.164,2015,11
000 圣建（23春节）,10,230,120,80,1,4,75,#00猎鹿弹,0.149,0.086,2015,3
000 圣建（23春节）,10,230,120,80,1,4,79,WAD独头弹,0.347,0.131,2015,7
000 圣建（23春节）,10,230,120,80,1,4,89,城市迷彩披风,0.099,0.070,2015,2
000 圣建（23春节）,10,230,120,80,1,4,223,RMR T2红点,1.290,0.251,2015,26
000 圣建（23春节）,10,230,120,80,1,4,226,M33狙击弹,1.935,0.307,2015,39
000 圣建（23春节）,10,230,120,80,1,4,228,Mk900SLAP,3.077,0.385,2015,62
000 圣建（23春节）,10,230,120,80,1,4,230,#6鸟弹,0.298,0.121,2015,6
000 圣建（23春节）,10,230,120,80,1,4,233,#1运算芯片,1.092,0.231,2015,22
000 圣建（23春节）,10,230,120,80,1,4,310,M1050 LRF,1.191,0.242,2015,24
000 圣建（23春节）,10,230,120,80,1,5,16,PEQ-16A,0.050,0.050,2015,1
000 圣建（23春节）,10,230,120,80,1,5,20,Mk211高爆穿甲弹,0.347,0.131,2015,7
000 圣建（23春节）,10,230,120,80,1,5,32,APCR高速弹,4.218,0.448,2015,85
000 圣建（23春节）,10,230,120,80,1,5,40,IOP T4外骨骼,0.050,0.050,2015,1
000 圣建（23春节）,10,230,120,80,1,5,44,Type3防弹插板,0.050,0.050,2015,1
000 圣建（23春节）,10,230,120,80,1,5,58,IOP X4外骨骼,0.050,0.050,2015,1
000 圣建（23春节）,10,230,120,80,1,5,66,AC4消音器,0.149,0.086,2015,3
000 圣建（23春节）,10,230,120,80,1,5,72,ILM空尖弹,0.099,0.070,2015,2
000 圣建（23春节）,10,230,120,80,1,5,76,#000猎鹿弹,0.099,0.070,2015,2
000 圣建（23春节）,10,230,120,80,1,5,90,热光学迷彩披风,0.050,0.050,2015,1
000 圣建（23春节）,10,230,120,80,1,5,224,RMR T4红点,0.199,0.099,2015,4
000 圣建（23春节）,10,230,120,80,1,5,227,M1022狙击弹,0.596,0.171,2015,12
000 圣建（23春节）,10,230,120,80,1,5,234,#2运算芯片,0.248,0.111,2015,5
000 圣建（23春节）,10,230,120,80,1,5,305,SF武器灯改,0.050,0.050,2015,1
000 圣建（23春节）,10,230,120,80,1,5,309,专注芯片,0.099,0.070,2015,2
000 圣建（23春节）,10,230,120,80,1,5,311,M200X LRF,0.199,0.099,2015,4
000 圣建（23春节）,10,300,10,10,1,2,13,PEQ-2,2.459,0.405,1464,36
000 圣建（23春节）,10,300,10,10,1,2,17,M61穿甲弹,2.391,0.399,1464,35
000 圣建（23春节）,10,300,10,10,1,2,29,FMJ高速弹,4.577,0.546,1464,67
000 圣建（23春节）,10,300,10,10,1,2,37,IOP T1外骨骼,1.093,0.272,1464,16
000 圣建（23春节）,10,300,10,10,1,2,55,IOP X1外骨骼,0.410,0.167,1464,6
000 圣建（23春节）,10,300,10,10,1,2,63,AC1消音器,2.459,0.405,1464,36
000 圣建（23春节）,10,300,10,10,1,2,69,ILM空尖弹,6.557,0.647,1464,96
000 圣建（23春节）,10,300,10,10,1,2,73,#1猎鹿弹,1.571,0.325,1464,23
000 圣建（23春节）,10,300,10,10,1,2,77,BK独头弹,1.776,0.345,1464,26
000 圣建（23春节）,10,300,10,10,1,2,87,破旧披风,1.981,0.364,1464,29
000 圣建（23春节）,10,300,10,10,1,3,14,PEQ-5,1.639,0.332,1464,24
000 圣建（23春节）,10,300,10,10,1,3,18,M993穿甲弹,1.844,0.352,1464,27
000 圣建（23春节）,10,300,10,10,1,3,30,JSP高速弹,3.005,0.446,1464,44
000 圣建（23春节）,10,300,10,10,1,3,38,IOP T2外骨骼,0.273,0.136,1464,4
000 圣建（23春节）,10,300,10,10,1,3,42,Type1防弹插板,1.776,0.345,1464,26
000 圣建（23春节）,10,300,10,10,1,3,56,IOP X2外骨骼,0.273,0.136,1464,4
000 圣建（23春节）,10,300,10,10,1,3,64,AC2消音器,1.161,0.280,1464,17
000 圣建（23春节）,10,300,10,10,1,3,70,ILM空尖弹,2.732,0.426,1464,40
000 圣建（23春节）,10,300,10,10,1,3,74,#0猎鹿弹,1.093,0.272,1464,16
000 圣建（23春节）,10,300,10,10,1,3,78,FST独头弹,1.434,0.311,1464,21
000 圣建（23春节）,10,300,10,10,1,3,88,伪装披风,1.434,0.311,1464,21
000 圣建（23春节）,10,300,10,10,1,3,222,RMR红点,3.142,0.456,1464,46
000 圣建（23春节）,10,300,10,10,1,3,232,试制运算芯片,4.918,0.565,1464,72
000 圣建（23春节）,10,300,10,10,1,4,15,PEQ-15,0.888,0.245,1464,13
000 圣建（23春节）,10,300,10,10,1,4,19,Mk169穿甲弹,0.820,0.236,1464,12
000 圣建（23春节）,10,300,10,10,1,4,31,JHP高速弹,0.820,0.236,1464,12
000 圣建（23春节）,10,300,10,10,1,4,43,Type2防弹插板,0.615,0.204,1464,9
000 圣建（23春节）,10,300,10,10,1,4,65,AC3消音器,0.410,0.167,1464,6
000 圣建（23春节）,10,300,10,10,1,4,71,ILM空尖弹,0.205,0.118,1464,3
000 圣建（23春节）,10,300,10,10,1,4,75,#00猎鹿弹,0.410,0.167,1464,6
000 圣建（23春节）,10,300,10,10,1,4,79,WAD独头弹,0.410,0.167,1464,6
000 圣建（23春节）,10,300,10,10,1,4,89,城市迷彩披风,0.273,0.136,1464,4
000 圣建（23春节）,10,300,10,10,1,4,223,RMR T2红点,1.230,0.288,1464,18
000 圣建（23春节）,10,300,10,10,1,4,226,M33狙击弹,0.956,0.254,1464,14
000 圣建（23春节）,10,300,10,10,1,4,228,Mk900SLAP,35.109,1.247,1464,514
000 圣建（23春节）,10,300,10,10,1,4,230,#6鸟弹,0.888,0.245,1464,13
000 圣建（23春节）,10,300,10,10,1,4,233,#1运算芯片,1.503,0.318,1464,22
000 圣建（23春节）,10,300,10,10,1,5,20,Mk211高爆穿甲弹,0.137,0.097,1464,2
000 圣建（23春节）,10,300,10,10,1,5,58,IOP X4外骨骼,0.068,0.068,1464,1
000 圣建（23春节）,10,300,10,10,1,5,66,AC4消音器,0.205,0.118,1464,3
000 圣建（23春节）,10,300,10,10,1,5,72,ILM空尖弹,0.068,0.068,1464,1
000 圣建（23春节）,10,300,10,10,1,5,76,#000猎鹿弹,0.068,0.068,1464,1
000 圣建（23春节）,10,300,10,10,1,5,90,热光学迷彩披风,0.068,0.068,1464,1
000 圣建（23春节）,10,300,10,10,1,5,224,RMR T4红点,0.205,0.118,1464,3
000 圣建（23春节）,10,300,10,10,1,5,225,信号弹,0.068,0.068,1464,1
000 圣建（23春节）,10,300,10,10,1,5,227,M1022狙击弹,0.273,0.136,1464,4
000 圣建（23春节）,10,300,10,10,1,5,229,Mk1000SLAP,3.757,0.497,1464,55
000 圣建（23春节）,10,300,10,10,1,5,234,#2运算芯片,0.342,0.152,1464,5
000 圣建（23春节）,10,300,10,10,1,5,309,专注芯片,0.205,0.118,1464,3
000 圣建（23春节）,30,150,30,130,1,2,1,BM 3-12X40,1.023,0.189,2835,29
000 圣建（23春节）,30,150,30,130,1,2,5,EOT 506,1.058,0.192,2835,30
000 圣建（23春节）,30,150,30,130,1,2,9,AMP COMPM2,1.058,0.192,2835,30
000 圣建（23春节）,30,150,30,130,1,2,13,PEQ-2,1.129,0.198,2835,32
000 圣建（23春节）,30,150,30,130,1,2,17,M61穿甲弹,2.998,0.320,2835,85
000 圣建（23春节）,30,150,30,130,1,2,29,FMJ高速弹,2.928,0.317,2835,83
000 圣建（23春节）,30,150,30,130,1,2,37,IOP T1外骨骼,1.129,0.198,2835,32
000 圣建（23春节）,30,150,30,130,1,2,55,IOP X1外骨骼,0.776,0.165,2835,22
000 圣建（23春节）,30,150,30,130,1,2,63,AC1消音器,1.587,0.235,2835,45
000 圣建（23春节）,30,150,30,130,1,2,69,ILM空尖弹,2.751,0.307,2835,78
000 圣建（23春节）,30,150,30,130,1,2,73,#1猎鹿弹,7.654,0.499,2835,217
000 圣建（23春节）,30,150,30,130,1,2,77,BK独头弹,8.219,0.516,2835,233
000 圣建（23春节）,30,150,30,130,1,2,87,破旧披风,1.093,0.195,2835,31
000 圣建（23春节）,30,150,30,130,1,3,2,LRA 2-12x50,0.811,0.168,2835,23
000 圣建（23春节）,30,150,30,130,1,3,6,EOT 512,0.847,0.172,2835,24
000 圣建（23春节）,30,150,30,130,1,3,10,AMP COMPM4,1.023,0.189,2835,29
000 圣建（23春节）,30,150,30,130,1,3,14,PEQ-5,0.388,0.117,2835,11
000 圣建（23春节）,30,150,30,130,1,3,18,M993穿甲弹,2.293,0.281,2835,65
000 圣建（23春节）,30,150,30,130,1,3,30,JSP高速弹,1.376,0.219,2835,39
000 圣建（23春节）,30,150,30,130,1,3,38,IOP T2外骨骼,0.353,0.111,2835,10
000 圣建（23春节）,30,150,30,130,1,3,42,Type1防弹插板,2.046,0.266,2835,58
000 圣建（23春节）,30,150,30,130,1,3,56,IOP X2外骨骼,0.388,0.117,2835,11
000 圣建（23春节）,30,150,30,130,1,3,64,AC2消音器,0.635,0.149,2835,18
000 圣建（23春节）,30,150,30,130,1,3,70,ILM空尖弹,0.741,0.161,2835,21
000 圣建（23春节）,30,150,30,130,1,3,74,#0猎鹿弹,6.596,0.466,2835,187
000 圣建（23春节）,30,150,30,130,1,3,78,FST独头弹,5.220,0.418,2835,148
000 圣建（23春节）,30,150,30,130,1,3,88,伪装披风,0.670,0.153,2835,19
000 圣建（23春节）,30,150,30,130,1,3,222,RMR红点,2.257,0.279,2835,64
000 圣建（23春节）,30,150,30,130,1,3,232,试制运算芯片,1.940,0.259,2835,55
000 圣建（23春节）,30,150,30,130,1,4,3,PSO-1,0.282,0.100,2835,8
000 圣建（23春节）,30,150,30,130,1,4,7,EOT 516,0.353,0.111,2835,10
000 圣建（23春节）,30,150,30,130,1,4,11,COG M150,0.141,0.070,2835,4
000 圣建（23春节）,30,150,30,130,1,4,15,PEQ-15,0.388,0.117,2835,11
000 圣建（23春节）,30,150,30,130,1,4,19,Mk169穿甲弹,1.552,0.232,2835,44
000 圣建（23春节）,30,150,30,130,1,4,31,JHP高速弹,0.670,0.153,2835,19
000 圣建（23春节）,30,150,30,130,1,4,39,IOP T3外骨骼,0.353,0.111,2835,10
000 圣建（23春节）,30,150,30,130,1,4,43,Type2防弹插板,0.459,0.127,2835,13
000 圣建（23春节）,30,150,30,130,1,4,57,IOP X3外骨骼,0.071,0.050,2835,2
000 圣建（23春节）,30,150,30,130,1,4,65,AC3消音器,0.317,0.106,2835,9
000 圣建（23春节）,30,150,30,130,1,4,71,ILM空尖弹,0.388,0.117,2835,11
000 圣建（23春节）,30,150,30,130,1,4,75,#00猎鹿弹,7.090,0.482,2835,201
000 圣建（23春节）,30,150,30,130,1,4,79,WAD独头弹,7.160,0.484,2835,203
000 圣建（23春节）,30,150,30,130,1,4,89,城市迷彩披风,0.141,0.070,2835,4
000 圣建（23春节）,30,150,30,130,1,4,223,RMR T2红点,0.952,0.182,2835,27
000 圣建（23春节）,30,150,30,130,1,4,226,M33狙击弹,1.199,0.204,2835,34
000 圣建（23春节）,30,150,30,130,1,4,228,Mk900SLAP,1.869,0.254,2835,53
000 圣建（23春节）,30,150,30,130,1,4,230,#6鸟弹,7.725,0.501,2835,219
000 圣建（23春节）,30,150,30,130,1,4,233,#1运算芯片,0.564,0.141,2835,16
000 圣建（23春节）,30,150,30,130,1,5,8,EOT 518,0.035,0.035,2835,1
000 圣建（23春节）,30,150,30,130,1,5,16,PEQ-16A,0.035,0.035,2835,1
000 圣建（23春节）,30,150,30,130,1,5,20,Mk211高爆穿甲弹,0.459,0.127,2835,13
000 圣建（23春节）,30,150,30,130,1,5,32,APCR高速弹,0.106,0.061,2835,3
000 圣建（23春节）,30,150,30,130,1,5,40,IOP T4外骨骼,0.035,0.035,2835,1
000 圣建（23春节）,30,150,30,130,1,5,44,Type3防弹插板,0.035,0.035,2835,1
000 圣建（23春节）,30,150,30,130,1,5,58,IOP X4外骨骼,0.035,0.035,2835,1
000 圣建（23春节）,30,150,30,130,1,5,66,AC4消音器,0.106,0.061,2835,3
000 圣建（23春节）,30,150,30,130,1,5,72,ILM空尖弹,0.035,0.035,2835,1
000 圣建（23春节）,30,150,30,130,1,5,76,#000猎鹿弹,1.623,0.237,2835,46
000 圣建（23春节）,30,150,30,130,1,5,80,SABOT独头弹,1.481,0.227,2835,42
000 圣建（23春节）,30,150,30,130,1,5,90,热光学迷彩披风,0.071,0.050,2835,2
000 圣建（23春节）,30,150,30,130,1,5,224,RMR T4红点,0.035,0.035,2835,1
000 圣建（23春节）,30,150,30,130,1,5,227,M1022狙击弹,0.317,0.106,2835,9
000 圣建（23春节）,30,150,30,130,1,5,229,Mk1000SLAP,0.071,0.050,2835,2
000 圣建（23春节）,30,150,30,130,1,5,231,#7.5鸟弹,1.764,0.247,2835,50
000 圣建（23春节）,30,150,30,130,1,5,234,#2运算芯片,0.035,0.035,2835,1
000 圣建（23春节）,30,150,30,130,1,5,235,霰弹用闪光弹,0.952,0.182,2835,27
000 圣建（23春节）,30,150,30,130,1,5,309,专注芯片,0.106,0.061,2835,3
000 圣建（23春节）,70,10,150,30,0,2,13,PEQ-2,35.828,0.702,4664,1671
000 圣建（23春节）,70,10,150,30,0,3,14,PEQ-5,32.118,0.684,4664,1498
000 圣建（23春节）,70,10,150,30,0,4,15,PEQ-15,26.136,0.643,4664,1219
000 圣建（23春节）,70,10,150,30,0,5,16,PEQ-16A,2.551,0.231,4664,119
000 圣建（23春节）,70,10,150,30,0,5,305,SF武器灯改,3.366,0.264,4664,157
000 圣建（23春节）,70,10,150,30,1,2,1,BM 3-12X40,5.444,0.139,26636,1450
000 圣建（23春节）,70,10,150,30,1,2,5,EOT 506,5.665,0.142,26636,1509
000 圣建（23春节）,70,10,150,30,1,2,9,AMP COMPM2,5.669,0.142,26636,1510
000 圣建（23春节）,70,10,150,30,1,2,13,PEQ-2,10.118,0.185,26636,2695
000 圣建（23春节）,70,10,150,30,1,2,37,IOP T1外骨骼,0.785,0.054,26636,209
000 圣建（23春节）,70,10,150,30,1,2,55,IOP X1外骨骼,0.773,0.054,26636,206
000 圣建（23春节）,70,10,150,30,1,2,63,AC1消音器,4.010,0.120,26636,1068
000 圣建（23春节）,70,10,150,30,1,2,87,破旧披风,4.400,0.126,26636,1172
000 圣建（23春节）,70,10,150,30,1,3,2,LRA 2-12x50,3.660,0.115,26636,975
000 圣建（23春节）,70,10,150,30,1,3,6,EOT 512,3.657,0.115,26636,974
000 圣建（23春节）,70,10,150,30,1,3,10,AMP COMPM4,3.537,0.113,26636,942
000 圣建（23春节）,70,10,150,30,1,3,14,PEQ-5,12.479,0.202,26636,3324
000 圣建（23春节）,70,10,150,30,1,3,38,IOP T2外骨骼,0.304,0.034,26636,81
000 圣建（23春节）,70,10,150,30,1,3,42,Type1防弹插板,2.474,0.095,26636,659
000 圣建（23春节）,70,10,150,30,1,3,56,IOP X2外骨骼,0.323,0.035,26636,86
000 圣建（23春节）,70,10,150,30,1,3,64,AC2消音器,1.344,0.071,26636,358
000 圣建（23春节）,70,10,150,30,1,3,88,伪装披风,1.716,0.080,26636,457
000 圣建（23春节）,70,10,150,30,1,3,222,RMR红点,3.446,0.112,26636,918
000 圣建（23春节）,70,10,150,30,1,3,232,试制运算芯片,3.724,0.116,26636,992
000 圣建（23春节）,70,10,150,30,1,4,3,PSO-1,1.539,0.075,26636,410
000 圣建（23春节）,70,10,150,30,1,4,7,EOT 516,1.509,0.075,26636,402
000 圣建（23春节）,70,10,150,30,1,4,11,COG M150,1.453,0.073,26636,387
000 圣建（23春节）,70,10,150,30,1,4,15,PEQ-15,10.167,0.185,26636,2708
000 圣建（23春节）,70,10,150,30,1,4,39,IOP T3外骨骼,0.086,0.018,26636,23
000 圣建（23春节）,70,10,150,30,1,4,43,Type2防弹插板,0.642,0.049,26636,171
000 圣建（23春节）,70,10,150,30,1,4,57,IOP X3外骨骼,0.086,0.018,26636,23
000 圣建（23春节）,70,10,150,30,1,4,65,AC3消音器,0.649,0.049,26636,173
000 圣建（23春节）,70,10,150,30,1,4,89,城市迷彩披风,0.623,0.048,26636,166
000 圣建（23春节）,70,10,150,30,1,4,223,RMR T2红点,1.918,0.084,26636,511
000 圣建（23春节）,70,10,150,30,1,4,233,#1运算芯片,1.509,0.075,26636,402
000 圣建（23春节）,70,10,150,30,1,5,4,VFL 6-24X56,0.113,0.021,26636,30
000 圣建（23春节）,70,10,150,30,1,5,8,EOT 518,0.135,0.023,26636,36
000 圣建（23春节）,70,10,150,30,1,5,12,ITI MARS,0.128,0.022,26636,34
000 圣建（23春节）,70,10,150,30,1,5,16,PEQ-16A,2.560,0.097,26636,682
000 圣建（23春节）,70,10,150,30,1,5,40,IOP T4外骨骼,0.011,0.007,26636,3
000 圣建（23春节）,70,10,150,30,1,5,44,Type3防弹插板,0.094,0.019,26636,25
000 圣建（23春节）,70,10,150,30,1,5,58,IOP X4外骨骼,0.008,0.005,26636,2
000 圣建（23春节）,70,10,150,30,1,5,66,AC4消音器,0.120,0.021,26636,32
000 圣建（23春节）,70,10,150,30,1,5,90,热光学迷彩披风,0.184,0.026,26636,49
000 圣建（23春节）,70,10,150,30,1,5,224,RMR T4红点,0.173,0.025,26636,46
000 圣建（23春节）,70,10,150,30,1,5,234,#2运算芯片,0.154,0.024,26636,41
000 圣建（23春节）,70,10,150,30,1,5,305,SF武器灯改,2.504,0.096,26636,667
000 圣建（23春节）,70,10,150,30,1,5,309,专注芯片,0.105,0.020,26636,28
000 圣建（23春节）,80,220,80,80,0,3,306,Mk3喉缩管,58.810,1.386,1260,741
000 圣建（23春节）,80,220,80,80,0,4,307,Mk4喉缩管,33.968,1.334,1260,428
000 圣建（23春节）,80,220,80,80,0,5,308,Mk0多用途喉缩管,7.222,0.729,1260,91
000 圣建（23春节）,80,220,80,80,1,2,13,PEQ-2,1.819,0.252,2803,51
000 圣建（23春节）,80,220,80,80,1,2,17,M61穿甲弹,3.425,0.343,2803,96
000 圣建（23春节）,80,220,80,80,1,2,29,FMJ高速弹,7.242,0.489,2803,203
000 圣建（23春节）,80,220,80,80,1,2,37,IOP T1外骨骼,1.177,0.204,2803,33
000 圣建（23春节）,80,220,80,80,1,2,55,IOP X1外骨骼,1.177,0.204,2803,33
000 圣建（23春节）,80,220,80,80,1,2,63,AC1消音器,2.961,0.320,2803,83
000 圣建（23春节）,80,220,80,80,1,2,69,ILM空尖弹,5.280,0.422,2803,148
000 圣建（23春节）,80,220,80,80,1,2,73,#1猎鹿弹,1.962,0.262,2803,55
000 圣建（23春节）,80,220,80,80,1,2,77,BK独头弹,1.784,0.250,2803,50
000 圣建（23春节）,80,220,80,80,1,2,87,破旧披风,1.534,0.232,2803,43
000 圣建（23春节）,80,220,80,80,1,3,14,PEQ-5,0.928,0.181,2803,26
000 圣建（23春节）,80,220,80,80,1,3,18,M993穿甲弹,2.355,0.286,2803,66
000 圣建（23春节）,80,220,80,80,1,3,30,JSP高速弹,4.531,0.393,2803,127
000 圣建（23春节）,80,220,80,80,1,3,38,IOP T2外骨骼,0.285,0.101,2803,8
000 圣建（23春节）,80,220,80,80,1,3,42,Type1防弹插板,2.212,0.278,2803,62
000 圣建（23春节）,80,220,80,80,1,3,56,IOP X2外骨骼,0.535,0.138,2803,15
000 圣建（23春节）,80,220,80,80,1,3,64,AC2消音器,1.534,0.232,2803,43
000 圣建（23春节）,80,220,80,80,1,3,70,ILM空尖弹,2.604,0.301,2803,73
000 圣建（23春节）,80,220,80,80,1,3,74,#0猎鹿弹,1.391,0.221,2803,39
000 圣建（23春节）,80,220,80,80,1,3,78,FST独头弹,1.106,0.197,2803,31
000 圣建（23春节）,80,220,80,80,1,3,88,伪装披风,0.821,0.170,2803,23
000 圣建（23春节）,80,220,80,80,1,3,222,RMR红点,2.997,0.322,2803,84
000 圣建（23春节）,80,220,80,80,1,3,232,试制运算芯片,4.138,0.376,2803,116
000 圣建（23春节）,80,220,80,80,1,3,306,Mk3喉缩管,12.808,0.631,2803,359
000 圣建（23春节）,80,220,80,80,1,4,15,PEQ-15,0.606,0.147,2803,17
000 圣建（23春节）,80,220,80,80,1,4,19,Mk169穿甲弹,1.177,0.204,2803,33
000 圣建（23春节）,80,220,80,80,1,4,31,JHP高速弹,2.569,0.299,2803,72
000 圣建（23春节）,80,220,80,80,1,4,39,IOP T3外骨骼,0.250,0.094,2803,7
000 圣建（23春节）,80,220,80,80,1,4,43,Type2防弹插板,0.678,0.155,2803,19
000 圣建（23春节）,80,220,80,80,1,4,57,IOP X3外骨骼,0.285,0.101,2803,8
000 圣建（23春节）,80,220,80,80,1,4,65,AC3消音器,0.499,0.133,2803,14
000 圣建（23春节）,80,220,80,80,1,4,71,ILM空尖弹,0.357,0.113,2803,10
000 圣建（23春节）,80,220,80,80,1,4,75,#00猎鹿弹,0.571,0.142,2803,16
000 圣建（23春节）,80,220,80,80,1,4,79,WAD独头弹,0.535,0.138,2803,15
000 圣建（23春节）,80,220,80,80,1,4,89,城市迷彩披风,0.071,0.050,2803,2
000 圣建（23春节）,80,220,80,80,1,4,223,RMR T2红点,1.570,0.235,2803,44
000 圣建（23春节）,80,220,80,80,1,4,226,M33狙击弹,1.320,0.216,2803,37
000 圣建（23春节）,80,220,80,80,1,4,228,Mk900SLAP,3.247,0.335,2803,91
000 圣建（23春节）,80,220,80,80,1,4,230,#6鸟弹,0.428,0.123,2803,12
000 圣建（23春节）,80,220,80,80,1,4,233,#1运算芯片,1.891,0.257,2803,53
000 圣建（23春节）,80,220,80,80,1,4,307,Mk4喉缩管,11.238,0.596,2803,315
000 圣建（23春节）,80,220,80,80,1,5,20,Mk211高爆穿甲弹,0.535,0.138,2803,15
000 圣建（23春节）,80,220,80,80,1,5,32,APCR高速弹,0.321,0.107,2803,9
000 圣建（23春节）,80,220,80,80,1,5,44,Type3防弹插板,0.107,0.062,2803,3
000 圣建（23春节）,80,220,80,80,1,5,58,IOP X4外骨骼,0.036,0.036,2803,1
000 圣建（23春节）,80,220,80,80,1,5,66,AC4消音器,0.036,0.036,2803,1
000 圣建（23春节）,80,220,80,80,1,5,72,ILM空尖弹,0.036,0.036,2803,1
000 圣建（23春节）,80,220,80,80,1,5,76,#000猎鹿弹,0.036,0.036,2803,1
000 圣建（23春节）,80,220,80,80,1,5,80,SABOT独头弹,0.178,0.080,2803,5
000 圣建（23春节）,80,220,80,80,1,5,224,RMR T4红点,0.178,0.080,2803,5
000 圣建（23春节）,80,220,80,80,1,5,225,信号弹,0.036,0.036,2803,1
000 圣建（23春节）,80,220,80,80,1,5,227,M1022狙击弹,0.250,0.094,2803,7
000 圣建（23春节）,80,220,80,80,1,5,229,Mk1000SLAP,0.178,0.080,2803,5
000 圣建（23春节）,80,220,80,80,1,5,231,#7.5鸟弹,0.071,0.050,2803,2
000 圣建（23春节）,80,220,80,80,1,5,234,#2运算芯片,0.214,0.087,2803,6
000 圣建（23春节）,80,220,80,80,1,5,235,霰弹用闪光弹,0.036,0.036,2803,1
000 圣建（23春节）,80,220,80,80,1,5,305,SF武器灯改,0.107,0.062,2803,3
000 圣建（23春节）,80,220,80,80,1,5,308,Mk0多用途喉缩管,3.603,0.352,2803,101
000 圣建（23春节）,80,220,80,80,1,5,309,专注芯片,0.143,0.071,2803,4
000 圣建（23春节）,100,80,10,100,0,2,37,IOP T1外骨骼,15.239,0.902,1588,242
000 圣建（23春节）,100,80,10,100,0,2,55,IOP X1外骨骼,13.602,0.860,1588,216
000 圣建（23春节）,100,80,10,100,0,3,38,IOP T2外骨骼,16.247,0.925,1588,258
000 圣建（23春节）,100,80,10,100,0,3,56,IOP X2外骨骼,15.680,0.912,1588,249
000 圣建（23春节）,100,80,10,100,0,4,39,IOP T3外骨骼,17.254,0.948,1588,274
000 圣建（23春节）,100,80,10,100,0,4,57,IOP X3外骨骼,16.121,0.922,1588,256
000 圣建（23春节）,100,80,10,100,0,5,40,IOP T4外骨骼,2.393,0.383,1588,38
000 圣建（23春节）,100,80,10,100,0,5,58,IOP X4外骨骼,3.463,0.459,1588,55
000 圣建（23春节）,100,80,10,100,1,2,1,BM 3-12X40,3.207,0.246,5114,164
000 圣建（23春节）,100,80,10,100,1,2,5,EOT 506,2.327,0.211,5114,119
000 圣建（23春节）,100,80,10,100,1,2,9,AMP COMPM2,2.933,0.236,5114,150
000 圣建（23春节）,100,80,10,100,1,2,13,PEQ-2,2.034,0.197,5114,104
000 圣建（23春节）,100,80,10,100,1,2,37,IOP T1外骨骼,9.660,0.413,5114,494
000 圣建（23春节）,100,80,10,100,1,2,55,IOP X1外骨骼,9.855,0.417,5114,504
000 圣建（23春节）,100,80,10,100,1,2,63,AC1消音器,4.517,0.290,5114,231
000 圣建（23春节）,100,80,10,100,1,2,87,破旧披风,1.877,0.190,5114,96
000 圣建（23春节）,100,80,10,100,1,3,2,LRA 2-12x50,1.603,0.176,5114,82
000 圣建（23春节）,100,80,10,100,1,3,6,EOT 512,1.740,0.183,5114,89
000 圣建（23春节）,100,80,10,100,1,3,10,AMP COMPM4,1.643,0.178,5114,84
000 圣建（23春节）,100,80,10,100,1,3,14,PEQ-5,1.173,0.151,5114,60
000 圣建（23春节）,100,80,10,100,1,3,38,IOP T2外骨骼,4.928,0.303,5114,252
000 圣建（23春节）,100,80,10,100,1,3,42,Type1防弹插板,4.908,0.302,5114,251
000 圣建（23春节）,100,80,10,100,1,3,56,IOP X2外骨骼,4.400,0.287,5114,225
000 圣建（23春节）,100,80,10,100,1,3,64,AC2消音器,1.975,0.195,5114,101
000 圣建（23春节）,100,80,10,100,1,3,88,伪装披风,0.919,0.133,5114,47
000 圣建（23春节）,100,80,10,100,1,3,222,RMR红点,5.768,0.326,5114,295
000 圣建（23春节）,100,80,10,100,1,3,232,试制运算芯片,5.808,0.327,5114,297
000 圣建（23春节）,100,80,10,100,1,4,3,PSO-1,0.860,0.129,5114,44
000 圣建（23春节）,100,80,10,100,1,4,7,EOT 516,0.841,0.128,5114,43
000 圣建（23春节）,100,80,10,100,1,4,11,COG M150,0.548,0.103,5114,28
000 圣建（23春节）,100,80,10,100,1,4,15,PEQ-15,0.450,0.094,5114,23
000 圣建（23春节）,100,80,10,100,1,4,39,IOP T3外骨骼,6.062,0.334,5114,310
000 圣建（23春节）,100,80,10,100,1,4,43,Type2防弹插板,1.799,0.186,5114,92
000 圣建（23春节）,100,80,10,100,1,4,57,IOP X3外骨骼,5.944,0.331,5114,304
000 圣建（23春节）,100,80,10,100,1,4,65,AC3消音器,0.782,0.123,5114,40
000 圣建（23春节）,100,80,10,100,1,4,89,城市迷彩披风,0.274,0.073,5114,14
000 圣建（23春节）,100,80,10,100,1,4,223,RMR T2红点,3.246,0.248,5114,166
000 圣建（23春节）,100,80,10,100,1,4,233,#1运算芯片,2.151,0.203,5114,110
000 圣建（23春节）,100,80,10,100,1,5,4,VFL 6-24X56,0.098,0.044,5114,5
000 圣建（23春节）,100,80,10,100,1,5,8,EOT 518,0.059,0.034,5114,3
000 圣建（23春节）,100,80,10,100,1,5,12,ITI MARS,0.059,0.034,5114,3
000 圣建（23春节）,100,80,10,100,1,5,16,PEQ-16A,0.098,0.044,5114,5
000 圣建（23春节）,100,80,10,100,1,5,40,IOP T4外骨骼,1.995,0.195,5114,102
000 圣建（23春节）,100,80,10,100,1,5,44,Type3防弹插板,0.215,0.065,5114,11
000 圣建（23春节）,100,80,10,100,1,5,58,IOP X4外骨骼,2.131,0.202,5114,109
000 圣建（23春节）,100,80,10,100,1,5,66,AC4消音器,0.196,0.062,5114,10
000 圣建（23春节）,100,80,10,100,1,5,90,热光学迷彩披风,0.117,0.048,5114,6
000 圣建（23春节）,100,80,10,100,1,5,224,RMR T4红点,0.411,0.089,5114,21
000 圣建（23春节）,100,80,10,100,1,5,234,#2运算芯片,0.215,0.065,5114,11
000 圣建（23春节）,100,80,10,100,1,5,309,专注芯片,0.176,0.059,5114,9
000 圣建（23春节）,100,250,150,170,0,4,310,M1050 LRF,93.393,0.606,1680,1569
000 圣建（23春节）,100,250,150,170,0,5,311,M200X LRF,6.607,0.606,1680,111
000 圣建（23春节）,100,250,150,170,1,2,13,PEQ-2,1.879,0.221,3778,71
000 圣建（23春节）,100,250,150,170,1,2,17,M61穿甲弹,2.965,0.276,3778,112
000 圣建（23春节）,100,250,150,170,1,2,29,FMJ高速弹,6.273,0.394,3778,237
000 圣建（23春节）,100,250,150,170,1,2,37,IOP T1外骨骼,1.165,0.175,3778,44
000 圣建（23春节）,100,250,150,170,1,2,55,IOP X1外骨骼,1.191,0.176,3778,45
000 圣建（23春节）,100,250,150,170,1,2,63,AC1消音器,3.282,0.290,3778,124
000 圣建（23春节）,100,250,150,170,1,2,69,ILM空尖弹,4.182,0.326,3778,158
000 圣建（23春节）,100,250,150,170,1,2,73,#1猎鹿弹,2.912,0.274,3778,110
000 圣建（23春节）,100,250,150,170,1,2,77,BK独头弹,2.620,0.260,3778,99
000 圣建（23春节）,100,250,150,170,1,2,87,破旧披风,2.462,0.252,3778,93
000 圣建（23春节）,100,250,150,170,1,3,14,PEQ-5,1.297,0.184,3778,49
000 圣建（23春节）,100,250,150,170,1,3,18,M993穿甲弹,2.462,0.252,3778,93
000 圣建（23春节）,100,250,150,170,1,3,30,JSP高速弹,3.759,0.309,3778,142
000 圣建（23春节）,100,250,150,170,1,3,38,IOP T2外骨骼,0.344,0.095,3778,13
000 圣建（23春节）,100,250,150,170,1,3,42,Type1防弹插板,2.435,0.251,3778,92
000 圣建（23春节）,100,250,150,170,1,3,56,IOP X2外骨骼,0.185,0.070,3778,7
000 圣建（23春节）,100,250,150,170,1,3,64,AC2消音器,1.032,0.164,3778,39
000 圣建（23春节）,100,250,150,170,1,3,70,ILM空尖弹,1.906,0.222,3778,72
000 圣建（23春节）,100,250,150,170,1,3,74,#0猎鹿弹,1.747,0.213,3778,66
000 圣建（23春节）,100,250,150,170,1,3,78,FST独头弹,2.329,0.245,3778,88
000 圣建（23春节）,100,250,150,170,1,3,88,伪装披风,0.900,0.154,3778,34
000 圣建（23春节）,100,250,150,170,1,3,222,RMR红点,2.806,0.269,3778,106
000 圣建（23春节）,100,250,150,170,1,3,232,试制运算芯片,3.706,0.307,3778,140
000 圣建（23春节）,100,250,150,170,1,3,306,Mk3喉缩管,4.685,0.344,3778,177
000 圣建（23春节）,100,250,150,170,1,4,15,PEQ-15,0.847,0.149,3778,32
000 圣建（23春节）,100,250,150,170,1,4,19,Mk169穿甲弹,0.953,0.158,3778,36
000 圣建（23春节）,100,250,150,170,1,4,31,JHP高速弹,1.615,0.205,3778,61
000 圣建（23春节）,100,250,150,170,1,4,39,IOP T3外骨骼,0.291,0.088,3778,11
000 圣建（23春节）,100,250,150,170,1,4,43,Type2防弹插板,0.582,0.124,3778,22
000 圣建（23春节）,100,250,150,170,1,4,57,IOP X3外骨骼,0.371,0.099,3778,14
000 圣建（23春节）,100,250,150,170,1,4,65,AC3消音器,0.450,0.109,3778,17
000 圣建（23春节）,100,250,150,170,1,4,67,IOP大容量弹链箱,0.741,0.140,3778,28
000 圣建（23春节）,100,250,150,170,1,4,71,ILM空尖弹,0.715,0.137,3778,27
000 圣建（23春节）,100,250,150,170,1,4,75,#00猎鹿弹,1.350,0.188,3778,51
000 圣建（23春节）,100,250,150,170,1,4,79,WAD独头弹,1.429,0.193,3778,54
000 圣建（23春节）,100,250,150,170,1,4,89,城市迷彩披风,0.529,0.118,3778,20
000 圣建（23春节）,100,250,150,170,1,4,223,RMR T2红点,1.959,0.225,3778,74
000 圣建（23春节）,100,250,150,170,1,4,226,M33狙击弹,1.191,0.176,3778,45
000 圣建（23春节）,100,250,150,170,1,4,228,Mk900SLAP,3.970,0.318,3778,150
000 圣建（23春节）,100,250,150,170,1,4,230,#6鸟弹,1.456,0.195,3778,55
000 圣建（23春节）,100,250,150,170,1,4,233,#1运算芯片,1.747,0.213,3778,66
000 圣建（23春节）,100,250,150,170,1,4,307,Mk4喉缩管,2.065,0.231,3778,78
000 圣建（23春节）,100,250,150,170,1,4,310,M1050 LRF,10.905,0.507,3778,412
000 圣建（23春节）,100,250,150,170,1,5,16,PEQ-16A,0.079,0.046,3778,3
000 圣建（23春节）,100,250,150,170,1,5,20,Mk211高爆穿甲弹,0.371,0.099,3778,14
000 圣建（23春节）,100,250,150,170,1,5,32,APCR高速弹,0.238,0.079,3778,9
000 圣建（23春节）,100,250,150,170,1,5,40,IOP T4外骨骼,0.026,0.026,3778,1
000 圣建（23春节）,100,250,150,170,1,5,44,Type3防弹插板,0.026,0.026,3778,1
000 圣建（23春节）,100,250,150,170,1,5,58,IOP X4外骨骼,0.026,0.026,3778,1
000 圣建（23春节）,100,250,150,170,1,5,66,AC4消音器,0.132,0.059,3778,5
000 圣建（23春节）,100,250,150,170,1,5,68,IOP极限弹链箱,0.026,0.026,3778,1
000 圣建（23春节）,100,250,150,170,1,5,72,ILM空尖弹,0.132,0.059,3778,5
000 圣建（23春节）,100,250,150,170,1,5,76,#000猎鹿弹,0.185,0.070,3778,7
000 圣建（23春节）,100,250,150,170,1,5,80,SABOT独头弹,0.053,0.037,3778,2
000 圣建（23春节）,100,250,150,170,1,5,90,热光学迷彩披风,0.106,0.053,3778,4
000 圣建（23春节）,100,250,150,170,1,5,224,RMR T4红点,0.212,0.075,3778,8
000 圣建（23春节）,100,250,150,170,1,5,225,信号弹,0.026,0.026,3778,1
000 圣建（23春节）,100,250,150,170,1,5,227,M1022狙击弹,0.185,0.070,3778,7
000 圣建（23春节）,100,250,150,170,1,5,229,Mk1000SLAP,0.185,0.070,3778,7
000 圣建（23春节）,100,250,150,170,1,5,231,#7.5鸟弹,0.159,0.065,3778,6
000 圣建（23春节）,100,250,150,170,1,5,234,#2运算芯片,0.212,0.075,3778,8
000 圣建（23春节）,100,250,150,170,1,5,235,霰弹用闪光弹,0.053,0.037,3778,2
000 圣建（23春节）,100,250,150,170,1,5,305,SF武器灯改,0.026,0.026,3778,1
000 圣建（23春节）,100,250,150,170,1,5,308,Mk0多用途喉缩管,0.476,0.112,3778,18
000 圣建（23春节）,100,250,150,170,1,5,309,专注芯片,0.185,0.070,3778,7
000 圣建（23春节）,100,250,150,170,1,5,311,M200X LRF,5.188,0.361,3778,196
000 圣建（23春节）,140,10,110,10,0,2,1,BM 3-12X40,21.913,1.077,1474,323
000 圣建（23春节）,140,10,110,10,0,2,5,EOT 506,9.227,0.754,1474,136
000 圣建（23春节）,140,10,110,10,0,2,9,AMP COMPM2,3.324,0.467,1474,49
000 圣建（23春节）,140,10,110,10,0,3,2,LRA 2-12x50,22.117,1.081,1474,326
000 圣建（23春节）,140,10,110,10,0,3,6,EOT 512,10.516,0.799,1474,155
000 圣建（23春节）,140,10,110,10,0,3,10,AMP COMPM4,2.849,0.433,1474,42
000 圣建（23春节）,140,10,110,10,0,4,3,PSO-1,15.265,0.936,1474,225
000 圣建（23春节）,140,10,110,10,0,4,7,EOT 516,7.191,0.673,1474,106
000 圣建（23春节）,140,10,110,10,0,4,11,COG M150,2.442,0.402,1474,36
000 圣建（23春节）,140,10,110,10,0,5,4,VFL 6-24X56,3.324,0.467,1474,49
000 圣建（23春节）,140,10,110,10,0,5,8,EOT 518,1.289,0.294,1474,19
000 圣建（23春节）,140,10,110,10,0,5,12,ITI MARS,0.543,0.191,1474,8
000 圣建（23春节）,140,10,110,10,1,2,1,BM 3-12X40,10.088,0.533,3192,322
000 圣建（23春节）,140,10,110,10,1,2,5,EOT 506,9.868,0.528,3192,315
000 圣建（23春节）,140,10,110,10,1,2,9,AMP COMPM2,10.683,0.547,3192,341
000 圣建（23春节）,140,10,110,10,1,2,13,PEQ-2,1.347,0.204,3192,43
000 圣建（23春节）,140,10,110,10,1,2,37,IOP T1外骨骼,0.219,0.083,3192,7
000 圣建（23春节）,140,10,110,10,1,2,55,IOP X1外骨骼,0.282,0.094,3192,9
000 圣建（23春节）,140,10,110,10,1,2,63,AC1消音器,1.723,0.230,3192,55
000 圣建（23春节）,140,10,110,10,1,2,87,破旧披风,1.817,0.236,3192,58
000 圣建（23春节）,140,10,110,10,1,3,2,LRA 2-12x50,8.239,0.487,3192,263
000 圣建（23春节）,140,10,110,10,1,3,6,EOT 512,9.336,0.515,3192,298
000 圣建（23春节）,140,10,110,10,1,3,10,AMP COMPM4,8.960,0.505,3192,286
000 圣建（23春节）,140,10,110,10,1,3,14,PEQ-5,0.815,0.159,3192,26
000 圣建（23春节）,140,10,110,10,1,3,38,IOP T2外骨骼,0.094,0.054,3192,3
000 圣建（23春节）,140,10,110,10,1,3,42,Type1防弹插板,0.877,0.165,3192,28
000 圣建（23春节）,140,10,110,10,1,3,56,IOP X2外骨骼,0.063,0.044,3192,2
000 圣建（23春节）,140,10,110,10,1,3,64,AC2消音器,0.658,0.143,3192,21
000 圣建（23春节）,140,10,110,10,1,3,88,伪装披风,0.689,0.146,3192,22
000 圣建（23春节）,140,10,110,10,1,3,222,RMR红点,1.253,0.197,3192,40
000 圣建（23春节）,140,10,110,10,1,3,232,试制运算芯片,2.162,0.257,3192,69
000 圣建（23春节）,140,10,110,10,1,4,3,PSO-1,7.112,0.455,3192,227
000 圣建（23春节）,140,10,110,10,1,4,7,EOT 516,9.117,0.509,3192,291
000 圣建（23春节）,140,10,110,10,1,4,11,COG M150,7.989,0.480,3192,255
000 圣建（23春节）,140,10,110,10,1,4,15,PEQ-15,0.345,0.104,3192,11
000 圣建（23春节）,140,10,110,10,1,4,39,IOP T3外骨骼,0.031,0.031,3192,1
000 圣建（23春节）,140,10,110,10,1,4,43,Type2防弹插板,0.125,0.063,3192,4
000 圣建（23春节）,140,10,110,10,1,4,65,AC3消音器,0.251,0.088,3192,8
000 圣建（23春节）,140,10,110,10,1,4,89,城市迷彩披风,0.157,0.070,3192,5
000 圣建（23春节）,140,10,110,10,1,4,223,RMR T2红点,0.627,0.140,3192,20
000 圣建（23春节）,140,10,110,10,1,4,233,#1运算芯片,0.501,0.125,3192,16
000 圣建（23春节）,140,10,110,10,1,5,4,VFL 6-24X56,1.472,0.213,3192,47
000 圣建（23春节）,140,10,110,10,1,5,8,EOT 518,1.347,0.204,3192,43
000 圣建（23春节）,140,10,110,10,1,5,12,ITI MARS,1.472,0.213,3192,47
000 圣建（23春节）,140,10,110,10,1,5,16,PEQ-16A,0.063,0.044,3192,2
000 圣建（23春节）,140,10,110,10,1,5,40,IOP T4外骨骼,0.031,0.031,3192,1
000 圣建（23春节）,140,10,110,10,1,5,66,AC4消音器,0.031,0.031,3192,1
000 圣建（23春节）,140,10,110,10,1,5,90,热光学迷彩披风,0.031,0.031,3192,1
000 圣建（23春节）,140,10,110,10,1,5,224,RMR T4红点,0.063,0.044,3192,2
000 圣建（23春节）,140,10,110,10,1,5,234,#2运算芯片,0.031,0.031,3192,1
000 圣建（23春节）,140,10,110,10,1,5,305,SF武器灯改,0.031,0.031,3192,1
000 圣建（23春节）,150,50,50,50,1,2,1,BM 3-12X40,3.402,0.542,1117,38
000 圣建（23春节）,150,50,50,50,1,2,5,EOT 506,4.118,0.594,1117,46
000 圣建（23春节）,150,50,50,50,1,2,9,AMP COMPM2,3.671,0.562,1117,41
000 圣建（23春节）,150,50,50,50,1,2,13,PEQ-2,2.328,0.451,1117,26
000 圣建（23春节）,150,50,50,50,1,2,37,IOP T1外骨骼,0.627,0.236,1117,7
000 圣建（23春节）,150,50,50,50,1,2,55,IOP X1外骨骼,0.895,0.282,1117,10
000 圣建（23春节）,150,50,50,50,1,2,63,AC1消音器,18.532,1.162,1117,207
000 圣建（23春节）,150,50,50,50,1,2,87,破旧披风,3.223,0.528,1117,36
000 圣建（23春节）,150,50,50,50,1,3,2,LRA 2-12x50,1.701,0.387,1117,19
000 圣建（23春节）,150,50,50,50,1,3,6,EOT 512,1.880,0.406,1117,21
000 圣建（23春节）,150,50,50,50,1,3,10,AMP COMPM4,1.432,0.355,1117,16
000 圣建（23春节）,150,50,50,50,1,3,14,PEQ-5,1.701,0.387,1117,19
000 圣建（23春节）,150,50,50,50,1,3,38,IOP T2外骨骼,0.627,0.236,1117,7
000 圣建（23春节）,150,50,50,50,1,3,42,Type1防弹插板,2.865,0.499,1117,32
000 圣建（23春节）,150,50,50,50,1,3,56,IOP X2外骨骼,0.358,0.179,1117,4
000 圣建（23春节）,150,50,50,50,1,3,64,AC2消音器,11.012,0.936,1117,123
000 圣建（23春节）,150,50,50,50,1,3,88,伪装披风,0.895,0.282,1117,10
000 圣建（23春节）,150,50,50,50,1,3,222,RMR红点,6.983,0.762,1117,78
000 圣建（23春节）,150,50,50,50,1,3,232,试制运算芯片,7.520,0.789,1117,84
000 圣建（23春节）,150,50,50,50,1,4,3,PSO-1,1.164,0.321,1117,13
000 圣建（23春节）,150,50,50,50,1,4,7,EOT 516,0.537,0.219,1117,6
000 圣建（23春节）,150,50,50,50,1,4,11,COG M150,0.537,0.219,1117,6
000 圣建（23春节）,150,50,50,50,1,4,15,PEQ-15,0.269,0.155,1117,3
000 圣建（23春节）,150,50,50,50,1,4,39,IOP T3外骨骼,0.090,0.089,1117,1
000 圣建（23春节）,150,50,50,50,1,4,43,Type2防弹插板,0.627,0.236,1117,7
000 圣建（23春节）,150,50,50,50,1,4,57,IOP X3外骨骼,0.179,0.126,1117,2
000 圣建（23春节）,150,50,50,50,1,4,65,AC3消音器,10.833,0.929,1117,121
000 圣建（23春节）,150,50,50,50,1,4,89,城市迷彩披风,0.358,0.179,1117,4
000 圣建（23春节）,150,50,50,50,1,4,223,RMR T2红点,2.238,0.442,1117,25
000 圣建（23春节）,150,50,50,50,1,4,233,#1运算芯片,3.491,0.549,1117,39
000 圣建（23春节）,150,50,50,50,1,5,8,EOT 518,0.090,0.089,1117,1
000 圣建（23春节）,150,50,50,50,1,5,12,ITI MARS,0.090,0.089,1117,1
000 圣建（23春节）,150,50,50,50,1,5,44,Type3防弹插板,0.090,0.089,1117,1
000 圣建（23春节）,150,50,50,50,1,5,66,AC4消音器,4.208,0.600,1117,47
000 圣建（23春节）,150,50,50,50,1,5,90,热光学迷彩披风,0.179,0.126,1117,2
000 圣建（23春节）,150,50,50,50,1,5,224,RMR T4红点,0.358,0.179,1117,4
000 圣建（23春节）,150,50,50,50,1,5,234,#2运算芯片,0.358,0.179,1117,4
000 圣建（23春节）,150,50,50,50,1,5,309,专注芯片,0.537,0.219,1117,6
000 圣建（23春节）,150,150,150,150,1,2,1,BM 3-12X40,2.821,0.273,3687,104
000 圣建（23春节）,150,150,150,150,1,2,5,EOT 506,2.251,0.244,3687,83
000 圣建（23春节）,150,150,150,150,1,2,9,AMP COMPM2,2.902,0.276,3687,107
000 圣建（23春节）,150,150,150,150,1,2,13,PEQ-2,1.546,0.203,3687,57
000 圣建（23春节）,150,150,150,150,1,2,17,M61穿甲弹,3.553,0.305,3687,131
000 圣建（23春节）,150,150,150,150,1,2,29,FMJ高速弹,4.502,0.341,3687,166
000 圣建（23春节）,150,150,150,150,1,2,37,IOP T1外骨骼,0.976,0.162,3687,36
000 圣建（23春节）,150,150,150,150,1,2,55,IOP X1外骨骼,0.922,0.157,3687,34
000 圣建（23春节）,150,150,150,150,1,2,63,AC1消音器,2.929,0.278,3687,108
000 圣建（23春节）,150,150,150,150,1,2,69,ILM空尖弹,4.638,0.346,3687,171
000 圣建（23春节）,150,150,150,150,1,2,73,#1猎鹿弹,2.739,0.269,3687,101
000 圣建（23春节）,150,150,150,150,1,2,77,BK独头弹,2.685,0.266,3687,99
000 圣建（23春节）,150,150,150,150,1,2,87,破旧披风,2.305,0.247,3687,85
000 圣建（23春节）,150,150,150,150,1,3,2,LRA 2-12x50,1.383,0.192,3687,51
000 圣建（23春节）,150,150,150,150,1,3,6,EOT 512,1.817,0.220,3687,67
000 圣建（23春节）,150,150,150,150,1,3,10,AMP COMPM4,1.817,0.220,3687,67
000 圣建（23春节）,150,150,150,150,1,3,14,PEQ-5,1.573,0.205,3687,58
000 圣建（23春节）,150,150,150,150,1,3,18,M993穿甲弹,2.360,0.250,3687,87
000 圣建（23春节）,150,150,150,150,1,3,30,JSP高速弹,2.197,0.241,3687,81
000 圣建（23春节）,150,150,150,150,1,3,38,IOP T2外骨骼,0.353,0.098,3687,13
000 圣建（23春节）,150,150,150,150,1,3,42,Type1防弹插板,2.739,0.269,3687,101
000 圣建（23春节）,150,150,150,150,1,3,56,IOP X2外骨骼,0.434,0.108,3687,16
000 圣建（23春节）,150,150,150,150,1,3,64,AC2消音器,1.221,0.181,3687,45
000 圣建（23春节）,150,150,150,150,1,3,70,ILM空尖弹,1.709,0.213,3687,63
000 圣建（23春节）,150,150,150,150,1,3,74,#0猎鹿弹,1.817,0.220,3687,67
000 圣建（23春节）,150,150,150,150,1,3,78,FST独头弹,1.899,0.225,3687,70
000 圣建（23春节）,150,150,150,150,1,3,88,伪装披风,1.139,0.175,3687,42
000 圣建（23春节）,150,150,150,150,1,3,222,RMR红点,4.095,0.326,3687,151
000 圣建（23春节）,150,150,150,150,1,3,232,试制运算芯片,4.394,0.337,3687,162
000 圣建（23春节）,150,150,150,150,1,3,306,Mk3喉缩管,3.173,0.289,3687,117
000 圣建（23春节）,150,150,150,150,1,3,312,HD50脚架,2.929,0.278,3687,108
000 圣建（23春节）,150,150,150,150,1,4,3,PSO-1,0.841,0.150,3687,31
000 圣建（23春节）,150,150,150,150,1,4,7,EOT 516,0.461,0.112,3687,17
000 圣建（23春节）,150,150,150,150,1,4,11,COG M150,0.651,0.132,3687,24
000 圣建（23春节）,150,150,150,150,1,4,15,PEQ-15,0.570,0.124,3687,21
000 圣建（23春节）,150,150,150,150,1,4,19,Mk169穿甲弹,1.058,0.168,3687,39
000 圣建（23春节）,150,150,150,150,1,4,31,JHP高速弹,0.949,0.160,3687,35
000 圣建（23春节）,150,150,150,150,1,4,39,IOP T3外骨骼,0.190,0.072,3687,7
000 圣建（23春节）,150,150,150,150,1,4,43,Type2防弹插板,0.868,0.153,3687,32
000 圣建（23春节）,150,150,150,150,1,4,57,IOP X3外骨骼,0.271,0.086,3687,10
000 圣建（23春节）,150,150,150,150,1,4,65,AC3消音器,0.461,0.112,3687,17
000 圣建（23春节）,150,150,150,150,1,4,67,IOP大容量弹链箱,0.814,0.148,3687,30
000 圣建（23春节）,150,150,150,150,1,4,71,ILM空尖弹,0.488,0.115,3687,18
000 圣建（23春节）,150,150,150,150,1,4,75,#00猎鹿弹,1.492,0.200,3687,55
000 圣建（23春节）,150,150,150,150,1,4,79,WAD独头弹,1.031,0.166,3687,38
000 圣建（23春节）,150,150,150,150,1,4,89,城市迷彩披风,0.380,0.101,3687,14
000 圣建（23春节）,150,150,150,150,1,4,223,RMR T2红点,2.088,0.235,3687,77
000 圣建（23春节）,150,150,150,150,1,4,226,M33狙击弹,1.546,0.203,3687,57
000 圣建（23春节）,150,150,150,150,1,4,228,Mk900SLAP,2.631,0.264,3687,97
000 圣建（23春节）,150,150,150,150,1,4,230,#6鸟弹,1.031,0.166,3687,38
000 圣建（23春节）,150,150,150,150,1,4,233,#1运算芯片,1.546,0.203,3687,57
000 圣建（23春节）,150,150,150,150,1,4,307,Mk4喉缩管,1.302,0.187,3687,48
000 圣建（23春节）,150,150,150,150,1,4,310,M1050 LRF,3.255,0.292,3687,120
000 圣建（23春节）,150,150,150,150,1,4,313,HD50脚架Mk2,1.031,0.166,3687,38
000 圣建（23春节）,150,150,150,150,1,5,4,VFL 6-24X56,0.081,0.047,3687,3
000 圣建（23春节）,150,150,150,150,1,5,8,EOT 518,0.163,0.066,3687,6
000 圣建（23春节）,150,150,150,150,1,5,12,ITI MARS,0.108,0.054,3687,4
000 圣建（23春节）,150,150,150,150,1,5,20,Mk211高爆穿甲弹,0.325,0.094,3687,12
000 圣建（23春节）,150,150,150,150,1,5,32,APCR高速弹,0.163,0.066,3687,6
000 圣建（23春节）,150,150,150,150,1,5,40,IOP T4外骨骼,0.081,0.047,3687,3
000 圣建（23春节）,150,150,150,150,1,5,44,Type3防弹插板,0.190,0.072,3687,7
000 圣建（23春节）,150,150,150,150,1,5,66,AC4消音器,0.108,0.054,3687,4
000 圣建（23春节）,150,150,150,150,1,5,72,ILM空尖弹,0.108,0.054,3687,4
000 圣建（23春节）,150,150,150,150,1,5,76,#000猎鹿弹,0.054,0.038,3687,2
000 圣建（23春节）,150,150,150,150,1,5,80,SABOT独头弹,0.027,0.027,3687,1
000 圣建（23春节）,150,150,150,150,1,5,90,热光学迷彩披风,0.108,0.054,3687,4
000 圣建（23春节）,150,150,150,150,1,5,224,RMR T4红点,0.217,0.077,3687,8
000 圣建（23春节）,150,150,150,150,1,5,225,信号弹,0.054,0.038,3687,2
000 圣建（23春节）,150,150,150,150,1,5,227,M1022狙击弹,0.163,0.066,3687,6
000 圣建（23春节）,150,150,150,150,1,5,229,Mk1000SLAP,0.054,0.038,3687,2
000 圣建（23春节）,150,150,150,150,1,5,231,#7.5鸟弹,0.108,0.054,3687,4
000 圣建（23春节）,150,150,150,150,1,5,234,#2运算芯片,0.298,0.090,3687,11
000 圣建（23春节）,150,150,150,150,1,5,308,Mk0多用途喉缩管,0.163,0.066,3687,6
000 圣建（23春节）,150,150,150,150,1,5,309,专注芯片,0.163,0.066,3687,6
000 圣建（23春节）,150,150,150,150,1,5,311,M200X LRF,0.271,0.086,3687,10
000 圣建（23春节）,150,150,150,150,1,5,314,HD100脚架,0.217,0.077,3687,8
000 圣建（23春节）,151,151,151,151,1,2,13,PEQ-2,1.886,0.230,3500,66
000 圣建（23春节）,151,151,151,151,1,2,17,M61穿甲弹,4.057,0.333,3500,142
000 圣建（23春节）,151,151,151,151,1,2,29,FMJ高速弹,4.514,0.351,3500,158
000 圣建（23春节）,151,151,151,151,1,2,37,IOP T1外骨骼,1.286,0.190,3500,45
000 圣建（23春节）,151,151,151,151,1,2,55,IOP X1外骨骼,1.314,0.192,3500,46
000 圣建（23春节）,151,151,151,151,1,2,63,AC1消音器,3.457,0.309,3500,121
000 圣建（23春节）,151,151,151,151,1,2,69,ILM空尖弹,6.571,0.419,3500,230
000 圣建（23春节）,151,151,151,151,1,2,73,#1猎鹿弹,3.057,0.291,3500,107
000 圣建（23春节）,151,151,151,151,1,2,77,BK独头弹,3.143,0.295,3500,110
000 圣建（23春节）,151,151,151,151,1,2,87,破旧披风,2.629,0.270,3500,92
000 圣建（23春节）,151,151,151,151,1,3,14,PEQ-5,1.457,0.203,3500,51
000 圣建（23春节）,151,151,151,151,1,3,18,M993穿甲弹,2.514,0.265,3500,88
000 圣建（23春节）,151,151,151,151,1,3,30,JSP高速弹,2.457,0.262,3500,86
000 圣建（23春节）,151,151,151,151,1,3,38,IOP T2外骨骼,0.257,0.086,3500,9
000 圣建（23春节）,151,151,151,151,1,3,42,Type1防弹插板,2.714,0.275,3500,95
000 圣建（23春节）,151,151,151,151,1,3,56,IOP X2外骨骼,0.457,0.114,3500,16
000 圣建（23春节）,151,151,151,151,1,3,64,AC2消音器,1.600,0.212,3500,56
000 圣建（23春节）,151,151,151,151,1,3,70,ILM空尖弹,2.371,0.257,3500,83
000 圣建（23春节）,151,151,151,151,1,3,74,#0猎鹿弹,1.971,0.235,3500,69
000 圣建（23春节）,151,151,151,151,1,3,78,FST独头弹,1.943,0.233,3500,68
000 圣建（23春节）,151,151,151,151,1,3,88,伪装披风,1.343,0.195,3500,47
000 圣建（23春节）,151,151,151,151,1,3,222,RMR红点,4.686,0.357,3500,164
000 圣建（23春节）,151,151,151,151,1,3,232,试制运算芯片,5.771,0.394,3500,202
000 圣建（23春节）,151,151,151,151,1,3,306,Mk3喉缩管,3.800,0.323,3500,133
000 圣建（23春节）,151,151,151,151,1,3,312,HD50脚架,4.171,0.338,3500,146
000 圣建（23春节）,151,151,151,151,1,4,15,PEQ-15,0.686,0.139,3500,24
000 圣建（23春节）,151,151,151,151,1,4,19,Mk169穿甲弹,1.429,0.201,3500,50
000 圣建（23春节）,151,151,151,151,1,4,31,JHP高速弹,1.286,0.190,3500,45
000 圣建（23春节）,151,151,151,151,1,4,39,IOP T3外骨骼,0.200,0.076,3500,7
000 圣建（23春节）,151,151,151,151,1,4,43,Type2防弹插板,1.029,0.171,3500,36
000 圣建（23春节）,151,151,151,151,1,4,57,IOP X3外骨骼,0.286,0.090,3500,10
000 圣建（23春节）,151,151,151,151,1,4,65,AC3消音器,0.943,0.163,3500,33
000 圣建（23春节）,151,151,151,151,1,4,67,IOP大容量弹链箱,0.629,0.134,3500,22
000 圣建（23春节）,151,151,151,151,1,4,71,ILM空尖弹,0.857,0.156,3500,30
000 圣建（23春节）,151,151,151,151,1,4,75,#00猎鹿弹,1.457,0.203,3500,51
000 圣建（23春节）,151,151,151,151,1,4,79,WAD独头弹,1.629,0.214,3500,57
000 圣建（23春节）,151,151,151,151,1,4,89,城市迷彩披风,0.571,0.127,3500,20
000 圣建（23春节）,151,151,151,151,1,4,223,RMR T2红点,2.543,0.266,3500,89
000 圣建（23春节）,151,151,151,151,1,4,226,M33狙击弹,1.257,0.188,3500,44
000 圣建（23春节）,151,151,151,151,1,4,228,Mk900SLAP,3.143,0.295,3500,110
000 圣建（23春节）,151,151,151,151,1,4,230,#6鸟弹,1.171,0.182,3500,41
000 圣建（23春节）,151,151,151,151,1,4,233,#1运算芯片,1.771,0.223,3500,62
000 圣建（23春节）,151,151,151,151,1,4,307,Mk4喉缩管,1.514,0.206,3500,53
000 圣建（23春节）,151,151,151,151,1,4,310,M1050 LRF,3.657,0.317,3500,128
000 圣建（23春节）,151,151,151,151,1,4,313,HD50脚架Mk2,1.171,0.182,3500,41
000 圣建（23春节）,151,151,151,151,1,5,16,PEQ-16A,0.029,0.029,3500,1
000 圣建（23春节）,151,151,151,151,1,5,20,Mk211高爆穿甲弹,0.429,0.110,3500,15
000 圣建（23春节）,151,151,151,151,1,5,32,APCR高速弹,0.114,0.057,3500,4
000 圣建（23春节）,151,151,151,151,1,5,44,Type3防弹插板,0.114,0.057,3500,4
000 圣建（23春节）,151,151,151,151,1,5,58,IOP X4外骨骼,0.057,0.040,3500,2
000 圣建（23春节）,151,151,151,151,1,5,66,AC4消音器,0.143,0.064,3500,5
000 圣建（23春节）,151,151,151,151,1,5,68,IOP极限弹链箱,0.057,0.040,3500,2
000 圣建（23春节）,151,151,151,151,1,5,72,ILM空尖弹,0.086,0.049,3500,3
000 圣建（23春节）,151,151,151,151,1,5,76,#000猎鹿弹,0.057,0.040,3500,2
000 圣建（23春节）,151,151,151,151,1,5,80,SABOT独头弹,0.114,0.057,3500,4
000 圣建（23春节）,151,151,151,151,1,5,90,热光学迷彩披风,0.114,0.057,3500,4
000 圣建（23春节）,151,151,151,151,1,5,224,RMR T4红点,0.371,0.103,3500,13
000 圣建（23春节）,151,151,151,151,1,5,225,信号弹,0.029,0.029,3500,1
000 圣建（23春节）,151,151,151,151,1,5,227,M1022狙击弹,0.429,0.110,3500,15
000 圣建（23春节）,151,151,151,151,1,5,229,Mk1000SLAP,0.029,0.029,3500,1
000 圣建（23春节）,151,151,151,151,1,5,231,#7.5鸟弹,0.171,0.070,3500,6
000 圣建（23春节）,151,151,151,151,1,5,234,#2运算芯片,0.057,0.040,3500,2
000 圣建（23春节）,151,151,151,151,1,5,235,霰弹用闪光弹,0.086,0.049,3500,3
000 圣建（23春节）,151,151,151,151,1,5,305,SF武器灯改,0.057,0.040,3500,2
000 圣建（23春节）,151,151,151,151,1,5,308,Mk0多用途喉缩管,0.143,0.064,3500,5
000 圣建（23春节）,151,151,151,151,1,5,309,专注芯片,0.143,0.064,3500,5
000 圣建（23春节）,151,151,151,151,1,5,311,M200X LRF,0.343,0.099,3500,12
000 圣建（23春节）,151,151,151,151,1,5,314,HD100脚架,0.171,0.070,3500,6
000 圣建（23春节）,170,120,50,50,0,3,232,试制运算芯片,59.057,1.004,2396,1415
000 圣建（23春节）,170,120,50,50,0,4,233,#1运算芯片,35.017,0.974,2396,839
000 圣建（23春节）,170,120,50,50,0,5,234,#2运算芯片,2.713,0.332,2396,65
000 圣建（23春节）,170,120,50,50,0,5,309,专注芯片,3.214,0.360,2396,77
000 圣建（23春节）,170,120,50,50,1,2,1,BM 3-12X40,2.147,0.144,10108,217
000 圣建（23春节）,170,120,50,50,1,2,5,EOT 506,2.157,0.144,10108,218
000 圣建（23春节）,170,120,50,50,1,2,9,AMP COMPM2,2.206,0.146,10108,223
000 圣建（23春节）,170,120,50,50,1,2,13,PEQ-2,1.247,0.110,10108,126
000 圣建（23春节）,170,120,50,50,1,2,17,M61穿甲弹,1.662,0.127,10108,168
000 圣建（23春节）,170,120,50,50,1,2,29,FMJ高速弹,2.196,0.146,10108,222
000 圣建（23春节）,170,120,50,50,1,2,37,IOP T1外骨骼,0.702,0.083,10108,71
000 圣建（23春节）,170,120,50,50,1,2,55,IOP X1外骨骼,0.673,0.081,10108,68
000 圣建（23春节）,170,120,50,50,1,2,63,AC1消音器,5.303,0.223,10108,536
000 圣建（23春节）,170,120,50,50,1,2,69,ILM空尖弹,6.955,0.253,10108,703
000 圣建（23春节）,170,120,50,50,1,2,73,#1猎鹿弹,1.098,0.104,10108,111
000 圣建（23春节）,170,120,50,50,1,2,77,BK独头弹,1.543,0.123,10108,156
000 圣建（23春节）,170,120,50,50,1,2,87,破旧披风,1.553,0.123,10108,157
000 圣建（23春节）,170,120,50,50,1,3,2,LRA 2-12x50,1.395,0.117,10108,141
000 圣建（23春节）,170,120,50,50,1,3,6,EOT 512,1.336,0.114,10108,135
000 圣建（23春节）,170,120,50,50,1,3,10,AMP COMPM4,1.365,0.115,10108,138
000 圣建（23春节）,170,120,50,50,1,3,14,PEQ-5,0.871,0.092,10108,88
000 圣建（23春节）,170,120,50,50,1,3,18,M993穿甲弹,1.088,0.103,10108,110
000 圣建（23春节）,170,120,50,50,1,3,30,JSP高速弹,0.890,0.093,10108,90
000 圣建（23春节）,170,120,50,50,1,3,38,IOP T2外骨骼,0.336,0.058,10108,34
000 圣建（23春节）,170,120,50,50,1,3,42,Type1防弹插板,1.276,0.112,10108,129
000 圣建（23春节）,170,120,50,50,1,3,56,IOP X2外骨骼,0.297,0.054,10108,30
000 圣建（23春节）,170,120,50,50,1,3,64,AC2消音器,2.691,0.161,10108,272
000 圣建（23春节）,170,120,50,50,1,3,70,ILM空尖弹,3.977,0.194,10108,402
000 圣建（23春节）,170,120,50,50,1,3,74,#0猎鹿弹,0.702,0.083,10108,71
000 圣建（23春节）,170,120,50,50,1,3,78,FST独头弹,0.999,0.099,10108,101
000 圣建（23春节）,170,120,50,50,1,3,88,伪装披风,0.880,0.093,10108,89
000 圣建（23春节）,170,120,50,50,1,3,222,RMR红点,5.006,0.217,10108,506
000 圣建（23春节）,170,120,50,50,1,3,232,试制运算芯片,16.037,0.365,10108,1621
000 圣建（23春节）,170,120,50,50,1,4,3,PSO-1,0.643,0.080,10108,65
000 圣建（23春节）,170,120,50,50,1,4,7,EOT 516,0.811,0.089,10108,82
000 圣建（23春节）,170,120,50,50,1,4,11,COG M150,0.702,0.083,10108,71
000 圣建（23春节）,170,120,50,50,1,4,15,PEQ-15,0.594,0.076,10108,60
000 圣建（23春节）,170,120,50,50,1,4,19,Mk169穿甲弹,0.455,0.067,10108,46
000 圣建（23春节）,170,120,50,50,1,4,31,JHP高速弹,0.425,0.065,10108,43
000 圣建（23春节）,170,120,50,50,1,4,39,IOP T3外骨骼,0.158,0.040,10108,16
000 圣建（23春节）,170,120,50,50,1,4,43,Type2防弹插板,0.386,0.062,10108,39
000 圣建（23春节）,170,120,50,50,1,4,57,IOP X3外骨骼,0.139,0.037,10108,14
000 圣建（23春节）,170,120,50,50,1,4,65,AC3消音器,2.018,0.140,10108,204
000 圣建（23春节）,170,120,50,50,1,4,71,ILM空尖弹,1.197,0.108,10108,121
000 圣建（23春节）,170,120,50,50,1,4,75,#00猎鹿弹,0.257,0.050,10108,26
000 圣建（23春节）,170,120,50,50,1,4,79,WAD独头弹,0.247,0.049,10108,25
000 圣建（23春节）,170,120,50,50,1,4,89,城市迷彩披风,0.376,0.061,10108,38
000 圣建（23春节）,170,120,50,50,1,4,223,RMR T2红点,3.403,0.180,10108,344
000 圣建（23春节）,170,120,50,50,1,4,226,M33狙击弹,0.613,0.078,10108,62
000 圣建（23春节）,170,120,50,50,1,4,228,Mk900SLAP,2.147,0.144,10108,217
000 圣建（23春节）,170,120,50,50,1,4,230,#6鸟弹,0.237,0.048,10108,24
000 圣建（23春节）,170,120,50,50,1,4,233,#1运算芯片,9.468,0.291,10108,957
000 圣建（23春节）,170,120,50,50,1,5,4,VFL 6-24X56,0.099,0.031,10108,10
000 圣建（23春节）,170,120,50,50,1,5,8,EOT 518,0.089,0.030,10108,9
000 圣建（23春节）,170,120,50,50,1,5,12,ITI MARS,0.079,0.028,10108,8
000 圣建（23春节）,170,120,50,50,1,5,16,PEQ-16A,0.010,0.010,10108,1
000 圣建（23春节）,170,120,50,50,1,5,20,Mk211高爆穿甲弹,0.109,0.033,10108,11
000 圣建（23春节）,170,120,50,50,1,5,32,APCR高速弹,0.030,0.017,10108,3
000 圣建（23春节）,170,120,50,50,1,5,40,IOP T4外骨骼,0.010,0.010,10108,1
000 圣建（23春节）,170,120,50,50,1,5,44,Type3防弹插板,0.010,0.010,10108,1
000 圣建（23春节）,170,120,50,50,1,5,66,AC4消音器,0.366,0.060,10108,37
000 圣建（23春节）,170,120,50,50,1,5,72,ILM空尖弹,0.218,0.046,10108,22
000 圣建（23春节）,170,120,50,50,1,5,76,#000猎鹿弹,0.040,0.020,10108,4
000 圣建（23春节）,170,120,50,50,1,5,80,SABOT独头弹,0.010,0.010,10108,1
000 圣建（23春节）,170,120,50,50,1,5,90,热光学迷彩披风,0.109,0.033,10108,11
000 圣建（23春节）,170,120,50,50,1,5,224,RMR T4红点,0.237,0.048,10108,24
000 圣建（23春节）,170,120,50,50,1,5,225,信号弹,0.139,0.037,10108,14
000 圣建（23春节）,170,120,50,50,1,5,227,M1022狙击弹,0.109,0.033,10108,11
000 圣建（23春节）,170,120,50,50,1,5,229,Mk1000SLAP,0.040,0.020,10108,4
000 圣建（23春节）,170,120,50,50,1,5,231,#7.5鸟弹,0.010,0.010,10108,1
000 圣建（23春节）,170,120,50,50,1,5,234,#2运算芯片,2.998,0.170,10108,303
000 圣建（23春节）,170,120,50,50,1,5,235,霰弹用闪光弹,0.010,0.010,10108,1
000 圣建（23春节）,170,120,50,50,1,5,305,SF武器灯改,0.030,0.017,10108,3
000 圣建（23春节）,170,120,50,50,1,5,309,专注芯片,2.384,0.152,10108,241
000 圣建（23春节）,180,20,200,20,1,2,1,BM 3-12X40,4.517,0.520,1594,72
000 圣建（23春节）,180,20,200,20,1,2,5,EOT 506,5.960,0.593,1594,95
000 圣建（23春节）,180,20,200,20,1,2,9,AMP COMPM2,4.893,0.540,1594,78
000 圣建（23春节）,180,20,200,20,1,2,13,PEQ-2,3.199,0.441,1594,51
000 圣建（23春节）,180,20,200,20,1,2,37,IOP T1外骨骼,0.816,0.225,1594,13
000 圣建（23春节）,180,20,200,20,1,2,55,IOP X1外骨骼,0.753,0.216,1594,12
000 圣建（23春节）,180,20,200,20,1,2,63,AC1消音器,3.764,0.477,1594,60
000 圣建（23春节）,180,20,200,20,1,2,87,破旧披风,15.997,0.918,1594,255
000 圣建（23春节）,180,20,200,20,1,3,2,LRA 2-12x50,2.823,0.415,1594,45
000 圣建（23春节）,180,20,200,20,1,3,6,EOT 512,3.890,0.484,1594,62
000 圣建（23春节）,180,20,200,20,1,3,10,AMP COMPM4,4.141,0.499,1594,66
000 圣建（23春节）,180,20,200,20,1,3,14,PEQ-5,2.823,0.415,1594,45
000 圣建（23春节）,180,20,200,20,1,3,38,IOP T2外骨骼,0.125,0.089,1594,2
000 圣建（23春节）,180,20,200,20,1,3,42,Type1防弹插板,1.882,0.340,1594,30
000 圣建（23春节）,180,20,200,20,1,3,56,IOP X2外骨骼,0.565,0.188,1594,9
000 圣建（23春节）,180,20,200,20,1,3,64,AC2消音器,1.066,0.257,1594,17
000 圣建（23春节）,180,20,200,20,1,3,88,伪装披风,8.657,0.704,1594,138
000 圣建（23春节）,180,20,200,20,1,3,222,RMR红点,3.137,0.436,1594,50
000 圣建（23春节）,180,20,200,20,1,3,232,试制运算芯片,4.580,0.523,1594,73
000 圣建（23春节）,180,20,200,20,1,4,3,PSO-1,1.757,0.329,1594,28
000 圣建（23春节）,180,20,200,20,1,4,7,EOT 516,2.572,0.396,1594,41
000 圣建（23春节）,180,20,200,20,1,4,11,COG M150,1.819,0.335,1594,29
000 圣建（23春节）,180,20,200,20,1,4,15,PEQ-15,1.004,0.250,1594,16
000 圣建（23春节）,180,20,200,20,1,4,39,IOP T3外骨骼,0.125,0.089,1594,2
000 圣建（23春节）,180,20,200,20,1,4,43,Type2防弹插板,0.314,0.140,1594,5
000 圣建（23春节）,180,20,200,20,1,4,57,IOP X3外骨骼,0.063,0.063,1594,1
000 圣建（23春节）,180,20,200,20,1,4,65,AC3消音器,0.690,0.207,1594,11
000 圣建（23春节）,180,20,200,20,1,4,89,城市迷彩披风,8.093,0.683,1594,129
000 圣建（23春节）,180,20,200,20,1,4,223,RMR T2红点,2.196,0.367,1594,35
000 圣建（23春节）,180,20,200,20,1,4,233,#1运算芯片,2.196,0.367,1594,35
000 圣建（23春节）,180,20,200,20,1,5,4,VFL 6-24X56,0.063,0.063,1594,1
000 圣建（23春节）,180,20,200,20,1,5,8,EOT 518,0.188,0.109,1594,3
000 圣建（23春节）,180,20,200,20,1,5,12,ITI MARS,0.125,0.089,1594,2
000 圣建（23春节）,180,20,200,20,1,5,16,PEQ-16A,0.125,0.089,1594,2
000 圣建（23春节）,180,20,200,20,1,5,44,Type3防弹插板,0.125,0.089,1594,2
000 圣建（23春节）,180,20,200,20,1,5,66,AC4消音器,0.125,0.089,1594,2
000 圣建（23春节）,180,20,200,20,1,5,90,热光学迷彩披风,4.203,0.502,1594,67
000 圣建（23春节）,180,20,200,20,1,5,224,RMR T4红点,0.251,0.125,1594,4
000 圣建（23春节）,180,20,200,20,1,5,234,#2运算芯片,0.251,0.125,1594,4
000 圣建（23春节）,180,20,200,20,1,5,305,SF武器灯改,0.063,0.063,1594,1
000 圣建（23春节）,180,20,200,20,1,5,309,专注芯片,0.063,0.063,1594,1
000 圣建（23春节）,180,180,10,50,0,2,69,ILM空尖弹,30.380,1.293,1264,384
000 圣建（23春节）,180,180,10,50,0,3,70,ILM空尖弹,29.826,1.286,1264,377
000 圣建（23春节）,180,180,10,50,0,4,71,ILM空尖弹,33.228,1.324,1264,420
000 圣建（23春节）,180,180,10,50,0,5,72,ILM空尖弹,2.848,0.468,1264,36
000 圣建（23春节）,180,180,10,50,0,5,225,信号弹,3.718,0.532,1264,47
000 圣建（23春节）,180,180,10,50,1,2,13,PEQ-2,1.300,0.185,3768,49
000 圣建（23春节）,180,180,10,50,1,2,17,M61穿甲弹,1.407,0.192,3768,53
000 圣建（23春节）,180,180,10,50,1,2,29,FMJ高速弹,2.734,0.266,3768,103
000 圣建（23春节）,180,180,10,50,1,2,37,IOP T1外骨骼,0.929,0.156,3768,35
000 圣建（23春节）,180,180,10,50,1,2,55,IOP X1外骨骼,0.717,0.137,3768,27
000 圣建（23春节）,180,180,10,50,1,2,63,AC1消音器,4.485,0.337,3768,169
000 圣建（23春节）,180,180,10,50,1,2,69,ILM空尖弹,19.453,0.645,3768,733
000 圣建（23春节）,180,180,10,50,1,2,73,#1猎鹿弹,1.672,0.209,3768,63
000 圣建（23春节）,180,180,10,50,1,2,77,BK独头弹,1.141,0.173,3768,43
000 圣建（23春节）,180,180,10,50,1,2,87,破旧披风,1.911,0.223,3768,72
000 圣建（23春节）,180,180,10,50,1,3,14,PEQ-5,1.088,0.169,3768,41
000 圣建（23春节）,180,180,10,50,1,3,18,M993穿甲弹,1.035,0.165,3768,39
000 圣建（23春节）,180,180,10,50,1,3,30,JSP高速弹,1.672,0.209,3768,63
000 圣建（23春节）,180,180,10,50,1,3,38,IOP T2外骨骼,0.212,0.075,3768,8
000 圣建（23春节）,180,180,10,50,1,3,42,Type1防弹插板,1.194,0.177,3768,45
000 圣建（23春节）,180,180,10,50,1,3,56,IOP X2外骨骼,0.398,0.103,3768,15
000 圣建（23春节）,180,180,10,50,1,3,64,AC2消音器,1.486,0.197,3768,56
000 圣建（23春节）,180,180,10,50,1,3,70,ILM空尖弹,13.057,0.549,3768,492
000 圣建（23春节）,180,180,10,50,1,3,74,#0猎鹿弹,0.955,0.158,3768,36
000 圣建（23春节）,180,180,10,50,1,3,78,FST独头弹,1.062,0.167,3768,40
000 圣建（23春节）,180,180,10,50,1,3,88,伪装披风,1.088,0.169,3768,41
000 圣建（23春节）,180,180,10,50,1,3,222,RMR红点,4.352,0.332,3768,164
000 圣建（23春节）,180,180,10,50,1,3,232,试制运算芯片,7.962,0.441,3768,300
000 圣建（23春节）,180,180,10,50,1,4,15,PEQ-15,0.292,0.088,3768,11
000 圣建（23春节）,180,180,10,50,1,4,19,Mk169穿甲弹,0.557,0.121,3768,21
000 圣建（23春节）,180,180,10,50,1,4,31,JHP高速弹,0.451,0.109,3768,17
000 圣建（23春节）,180,180,10,50,1,4,39,IOP T3外骨骼,0.053,0.038,3768,2
000 圣建（23春节）,180,180,10,50,1,4,43,Type2防弹插板,0.292,0.088,3768,11
000 圣建（23春节）,180,180,10,50,1,4,57,IOP X3外骨骼,0.106,0.053,3768,4
000 圣建（23春节）,180,180,10,50,1,4,65,AC3消音器,0.929,0.156,3768,35
000 圣建（23春节）,180,180,10,50,1,4,71,ILM空尖弹,7.829,0.438,3768,295
000 圣建（23春节）,180,180,10,50,1,4,75,#00猎鹿弹,0.318,0.092,3768,12
000 圣建（23春节）,180,180,10,50,1,4,79,WAD独头弹,0.478,0.112,3768,18
000 圣建（23春节）,180,180,10,50,1,4,89,城市迷彩披风,0.531,0.118,3768,20
000 圣建（23春节）,180,180,10,50,1,4,223,RMR T2红点,2.548,0.257,3768,96
000 圣建（23春节）,180,180,10,50,1,4,226,M33狙击弹,0.451,0.109,3768,17
000 圣建（23春节）,180,180,10,50,1,4,228,Mk900SLAP,3.397,0.295,3768,128
000 圣建（23春节）,180,180,10,50,1,4,230,#6鸟弹,0.265,0.084,3768,10
000 圣建（23春节）,180,180,10,50,1,4,233,#1运算芯片,3.317,0.292,3768,125
000 圣建（23春节）,180,180,10,50,1,5,16,PEQ-16A,0.027,0.027,3768,1
000 圣建（23春节）,180,180,10,50,1,5,20,Mk211高爆穿甲弹,0.080,0.046,3768,3
000 圣建（23春节）,180,180,10,50,1,5,44,Type3防弹插板,0.053,0.038,3768,2
000 圣建（23春节）,180,180,10,50,1,5,66,AC4消音器,0.212,0.075,3768,8
000 圣建（23春节）,180,180,10,50,1,5,72,ILM空尖弹,3.317,0.292,3768,125
000 圣建（23春节）,180,180,10,50,1,5,76,#000猎鹿弹,0.027,0.027,3768,1
000 圣建（23春节）,180,180,10,50,1,5,80,SABOT独头弹,0.106,0.053,3768,4
000 圣建（23春节）,180,180,10,50,1,5,90,热光学迷彩披风,0.133,0.059,3768,5
000 圣建（23春节）,180,180,10,50,1,5,224,RMR T4红点,0.372,0.099,3768,14
000 圣建（23春节）,180,180,10,50,1,5,225,信号弹,1.380,0.190,3768,52
000 圣建（23春节）,180,180,10,50,1,5,227,M1022狙击弹,0.106,0.053,3768,4
000 圣建（23春节）,180,180,10,50,1,5,229,Mk1000SLAP,0.027,0.027,3768,1
000 圣建（23春节）,180,180,10,50,1,5,231,#7.5鸟弹,0.053,0.038,3768,2
000 圣建（23春节）,180,180,10,50,1,5,234,#2运算芯片,0.425,0.106,3768,16
000 圣建（23春节）,180,180,10,50,1,5,235,霰弹用闪光弹,0.053,0.038,3768,2
000 圣建（23春节）,180,180,10,50,1,5,305,SF武器灯改,0.027,0.027,3768,1
000 圣建（23春节）,180,180,10,50,1,5,309,专注芯片,0.478,0.112,3768,18
000 圣建（23春节）,300,10,10,200,0,3,312,HD50脚架,44.465,1.509,1084,482
000 圣建（23春节）,300,10,10,200,0,4,313,HD50脚架Mk2,47.048,1.515,1084,510
000 圣建（23春节）,300,10,10,200,0,5,314,HD100脚架,8.487,0.846,1084,92
000 圣建（23春节）,300,10,10,200,1,2,13,PEQ-2,1.269,0.243,2127,27
000 圣建（23春节）,300,10,10,200,1,2,37,IOP T1外骨骼,1.363,0.251,2127,29
000 圣建（23春节）,300,10,10,200,1,2,55,IOP X1外骨骼,1.034,0.219,2127,22
000 圣建（23春节）,300,10,10,200,1,2,63,AC1消音器,2.727,0.353,2127,58
000 圣建（23春节）,300,10,10,200,1,2,87,破旧披风,2.821,0.359,2127,60
000 圣建（23春节）,300,10,10,200,1,3,14,PEQ-5,1.410,0.256,2127,30
000 圣建（23春节）,300,10,10,200,1,3,38,IOP T2外骨骼,0.188,0.094,2127,4
000 圣建（23春节）,300,10,10,200,1,3,42,Type1防弹插板,2.774,0.356,2127,59
000 圣建（23春节）,300,10,10,200,1,3,56,IOP X2外骨骼,0.423,0.141,2127,9
000 圣建（23春节）,300,10,10,200,1,3,64,AC2消音器,1.551,0.268,2127,33
000 圣建（23春节）,300,10,10,200,1,3,88,伪装披风,1.081,0.224,2127,23
000 圣建（23春节）,300,10,10,200,1,3,222,RMR红点,4.043,0.427,2127,86
000 圣建（23春节）,300,10,10,200,1,3,232,试制运算芯片,3.479,0.397,2127,74
000 圣建（23春节）,300,10,10,200,1,3,312,HD50脚架,33.333,1.022,2127,709
000 圣建（23春节）,300,10,10,200,1,4,15,PEQ-15,0.987,0.214,2127,21
000 圣建（23春节）,300,10,10,200,1,4,39,IOP T3外骨骼,0.282,0.115,2127,6
000 圣建（23春节）,300,10,10,200,1,4,43,Type2防弹插板,0.799,0.193,2127,17
000 圣建（23春节）,300,10,10,200,1,4,57,IOP X3外骨骼,0.188,0.094,2127,4
000 圣建（23春节）,300,10,10,200,1,4,65,AC3消音器,0.987,0.214,2127,21
000 圣建（23春节）,300,10,10,200,1,4,67,IOP大容量弹链箱,1.269,0.243,2127,27
000 圣建（23春节）,300,10,10,200,1,4,89,城市迷彩披风,0.282,0.115,2127,6
000 圣建（23春节）,300,10,10,200,1,4,223,RMR T2红点,2.163,0.315,2127,46
000 圣建（23春节）,300,10,10,200,1,4,233,#1运算芯片,1.881,0.294,2127,40
000 圣建（23春节）,300,10,10,200,1,4,313,HD50脚架Mk2,21.533,0.891,2127,458
000 圣建（23春节）,300,10,10,200,1,5,16,PEQ-16A,0.047,0.047,2127,1
000 圣建（23春节）,300,10,10,200,1,5,44,Type3防弹插板,0.094,0.066,2127,2
000 圣建（23春节）,300,10,10,200,1,5,58,IOP X4外骨骼,0.094,0.066,2127,2
000 圣建（23春节）,300,10,10,200,1,5,66,AC4消音器,0.235,0.105,2127,5
000 圣建（23春节）,300,10,10,200,1,5,68,IOP极限弹链箱,0.141,0.081,2127,3
000 圣建（23春节）,300,10,10,200,1,5,90,热光学迷彩披风,0.329,0.124,2127,7
000 圣建（23春节）,300,10,10,200,1,5,224,RMR T4红点,0.329,0.124,2127,7
000 圣建（23春节）,300,10,10,200,1,5,234,#2运算芯片,0.141,0.081,2127,3
000 圣建（23春节）,300,10,10,200,1,5,305,SF武器灯改,0.094,0.066,2127,2
000 圣建（23春节）,300,10,10,200,1,5,309,专注芯片,0.094,0.066,2127,2
000 圣建（23春节）,300,10,10,200,1,5,314,HD100脚架,10.531,0.665,2127,224
